Blue_Oyster_Cult-Dont_Fear_The_Reaper.142,1,2,0.006283947305,0.9937843944
Deva_Premal-Homage_To_Krishna.130,1,2,0.007625396399,0.9924361617
Deuter-Aura.134,1,2,0.00830065123,0.9917567945
Eric_Clapton-Wonderful_Tonight.184,1,2,0.009007098702,0.9910744472
Christopher_Cross-Never_Be_The_Same.070,1,2,0.0108171396,0.989276471
Metallica-The_Call_Of_Ktulu.072,1,2,0.01207054193,0.9880293467
Barbara_Streisand-Memory.168,1,2,0.01316011922,0.9869492062
Jimi_Hendrix-The_Wind_Cries_Mary.070,1,2,0.01443439576,0.9856950987
Afroman-Because_I_Got_High.004,1,2,0.0147586697,0.9853714912
Barbara_Streisand-Memory.142,1,2,0.01536168346,0.9847694228
Christopher_Cross-Sailing.180,1,2,0.01664615011,0.9834835536
Bee_Gees-Emotions.004,1,2,0.01880602829,0.9813456694
Deuter-Aura.158,1,2,0.01902168256,0.9811265412
Blue_Oyster_Cult-Dont_Fear_The_Reaper.026,1,2,0.0195881338,0.9805693302
Eric_Clapton-Wonderful_Tonight.032,1,2,0.01999305458,0.9801832137
Zero_7-Spinning.068,1,2,0.02024463944,0.9799335661
Afroman-Because_I_Got_High.152,1,2,0.02127825737,0.978939613
Metallica-One.094,1,2,0.02188339927,0.9783350137
The_Police-Every_Breath_You_Take.072,1,2,0.02240988996,0.9778334338
Bread-Lost_Without_Your_Love.090,1,2,0.02394221474,0.976280095
Bee_Gees-Emotions.008,1,2,0.02425707379,0.9759415943
John_Mayer-Gravity.116,1,2,0.02437263869,0.9758271063
Blue_Oyster_Cult-Dont_Fear_The_Reaper.128,1,2,0.02491236646,0.9753051878
Death_Angel-A_Room_With_A_View.076,1,2,0.02525270999,0.9749547909
Divinity-Second_Awakening.112,1,2,0.02551408869,0.9746965855
Celine_Dion-The_Power_Of_Love.140,1,2,0.02615510665,0.9740741572
John_Lennon-Imagine.146,1,2,0.02652501063,0.973664425
John_Mayer-Gravity.028,1,2,0.02767754193,0.9725410388
Metallica-One.088,1,2,0.02879258054,0.9714724143
John_Mayer-Slow_Dancing_in_a_Burning_Room.166,1,2,0.02899930061,0.9712360608
Boston-Livin_for_You.054,1,2,0.02932390368,0.9708976666
Barbara_Streisand-Memory.150,1,2,0.03025269151,0.9699948173
Dead_Kennedys-The_Prey.054,1,2,0.0306836074,0.9695631247
Deva_Premal-Sammasati.074,1,2,0.03078576561,0.9694606707
Foreigner-Waiting_For_A_Girl_Like_You.114,1,2,0.03227669561,0.9680188914
Celine_Dion_and_Barbra_Streisand-Tell_him.096,1,2,0.03326395817,0.9670013623
Foreigner-Waiting_For_A_Girl_Like_You.074,1,2,0.03401506497,0.966267221
Burton_Cummings-Fine_State_Of_Affairs.144,1,2,0.03452135027,0.9657519641
Zero_7-Spinning.044,1,2,0.03503004202,0.965337213
AC_DC-Ride_On.068,1,2,0.03575712122,0.9645317906
John_Mayer-Dreaming_With_A_Broken_Heart.090,1,2,0.03583135131,0.9644779144
Deva_Premal-Homage_To_Krishna.164,1,2,0.03640671373,0.9639309411
AC_DC-Ride_On.058,1,2,0.03668919965,0.9636107103
John_Mayer-Daughters.000,1,2,0.03682918677,0.9635338414
Burton_Cummings-Fine_State_Of_Affairs.146,1,2,0.03811498534,0.9621594984
Red_Hot_Chilli_Peppers-Under_the_Bridge.106,1,2,0.03826407365,0.9620408888
Blue_Oyster_Cult-Dont_Fear_The_Reaper.018,1,2,0.03860051215,0.9618010313
Afroman-Because_I_Got_High.020,1,2,0.03858283897,0.9617313002
Foreigner-I_Want_To_Know_What_Love_Is.098,1,2,0.03896029369,0.9614521294
The_Alan_Parsons_Project-Time.60,1,2,0.03891017148,0.9613996046
Jimi_Hendrix-The_Wind_Cries_Mary.016,1,2,0.03978751306,0.9605256597
Foreigner-I_Want_To_Know_What_Love_Is.178,1,2,0.03987084306,0.9604316519
Metallica-Fade_To_Black.182,1,2,0.04020893482,0.960210656
Blue_Oyster_Cult-Dont_Fear_The_Reaper.098,1,2,0.04042705683,0.959961606
Pantera-Planet_Caravan.024,1,2,0.04107856208,0.9593500598
Al_Green-Lets_Stay_Together.104,1,2,0.0410575976,0.9592723021
Metallica-One.166,1,2,0.04136440054,0.9589551
Led_Zeppelin-Tangerine.110,1,2,0.04264501569,0.9577935177
Blue_Oyster_Cult-Dont_Fear_The_Reaper.088,1,2,0.0429743725,0.9573621254
Jimi_Hendrix-The_Wind_Cries_Mary.044,1,2,0.04305992592,0.9572973696
J_Holiday-Suffocate.148,1,2,0.04370318673,0.9568452618
Foreigner-Waiting_For_A_Girl_Like_You.168,1,2,0.0439908937,0.9563643299
Pink_Floyd-Goodbye_Blue_Sky.50,1,2,0.04426062653,0.9561216805
Pink_Floyd-Hey_You.092,1,2,0.04576722298,0.9545457455
John_Mayer-Gravity.158,1,2,0.04590247894,0.954451914
Afroman-Because_I_Got_High.052,1,2,0.04627402863,0.9541758843
Blue_Oyster_Cult-Dont_Fear_The_Reaper.084,1,2,0.04686280553,0.9534849667
Metallica-Fade_To_Black.088,1,2,0.04686217827,0.9534591365
Christopher_Cross-Sailing.138,1,2,0.04698442299,0.9533096553
Christopher_Cross-Never_Be_The_Same.112,1,2,0.04798713174,0.9524268291
Deva_Premal-Rasa_Govindam.142,1,2,0.04863845182,0.9517217262
Deva_Premal-Sammasati.162,1,2,0.05011392702,0.9503902883
Barbara_Streisand-Memory.052,1,2,0.05038928535,0.9500012967
Zero_7-Spinning.072,1,2,0.05295322046,0.9475759914
Bee_Gees-Emotions.026,1,2,0.0540064072,0.9463615378
Al_Green-Lets_Stay_Together.092,1,2,0.05456622284,0.9459147892
Deva_Premal-Devi_Prayer.144,1,2,0.05565911505,0.9448493805
Metallica-Fade_To_Black.196,1,2,0.05612601877,0.9444206552
Jimi_Hendrix-The_Wind_Cries_Mary.168,1,2,0.05659727107,0.9439701365
Boston-Livin_for_You.058,1,2,0.05652550923,0.9438732802
Foreigner-Waiting_For_A_Girl_Like_You.048,1,2,0.05763036729,0.9428224181
Jimi_Hendrix-The_Wind_Cries_Mary.018,1,2,0.05796083352,0.9424465062
The_Piano_Guys-Rolling_In_the_Deep.146,1,2,0.05884196567,0.9417442238
Burton_Cummings-Fine_State_Of_Affairs.070,1,2,0.05983844988,0.940613509
Metallica-Fade_To_Black.188,1,2,0.05996285807,0.9404670229
Bee_Gees-Too_Much_Heaven.014,1,2,0.06086948876,0.9395933153
Dead_Kennedys-The_Prey.116,1,2,0.06184929263,0.9385893217
Al_Green-Lets_Stay_Together.116,1,2,0.06297780383,0.9375424799
Deva_Premal-Om_Namo_Bhagavate.200,1,2,0.0631292211,0.937371112
Metallica-One.086,1,2,0.06386059733,0.9367560111
Bee_Gees-Too_Much_Heaven.156,1,2,0.06401690115,0.9365235727
Death_Angel-A_Room_With_A_View.192,1,2,0.06400018596,0.936518031
John_Mayer-Daughters.110,1,2,0.0640641501,0.9364165514
Jimi_Hendrix-The_Wind_Cries_Mary.076,1,2,0.06454524335,0.9360542424
Metallica-Fade_To_Black.082,1,2,0.06566647156,0.9348823135
Deuter-Aura.146,1,2,0.06582012069,0.9346487389
Bee_Gees-Too_Much_Heaven.138,1,2,0.06635103268,0.9341452863
Bee_Gees-To_Love_Somebody.030,1,2,0.06732009468,0.9332330637
Deva_Premal-Devi_Prayer.140,1,2,0.06986169192,0.9307600972
Al_Green-Lets_Stay_Together.112,1,2,0.07025295367,0.9302667404
Faith_Hill-There_Youll_Be.088,1,2,0.07126455045,0.929342009
Bee_Gees-Emotions.090,1,2,0.07138506171,0.9291481152
Burton_Cummings-Fine_State_Of_Affairs.154,1,2,0.07280234247,0.9277150155
J_Holiday-Suffocate.026,1,2,0.0727883187,0.9276855506
Al_Green-Lets_Stay_Together.030,1,2,0.07329246617,0.9273184275
Led_Zeppelin-Tangerine.074,1,2,0.0733709021,0.927215534
Afroman-Because_I_Got_High.018,1,2,0.07356425349,0.9270384556
Afroman-Because_I_Got_High.082,1,2,0.07365114854,0.9268169379
Johann_Sebastian_Bach-Air_on_G_String.174,1,2,0.07390623752,0.9266484161
Ron_Allen-Eternal.180,1,2,0.07406562769,0.9265088035
Eric_Clapton-Wonderful_Tonight.080,1,2,0.07440726421,0.926170912
Foreigner-Waiting_For_A_Girl_Like_You.122,1,2,0.07475886009,0.9259800264
Foreigner-I_Want_To_Know_What_Love_Is.154,1,2,0.07470177807,0.9258461108
John_Mayer-Dreaming_With_A_Broken_Heart.106,1,2,0.07521311067,0.9253537089
Afroman-Because_I_Got_High.084,1,2,0.07574499932,0.925033438
The_Police-Every_Breath_You_Take.074,1,2,0.07573893692,0.9249734396
John_Denver-Rocky_mountain_high.166,1,2,0.07620090601,0.9245465172
Foreigner-I_Want_To_Know_What_Love_Is.002,1,2,0.07605285008,0.9245176604
John_Denver-Rocky_mountain_high.038,1,2,0.07632948045,0.9244014668
Enya-Only_Time_(Radio_Edit).036,1,2,0.07653344224,0.9240526671
Led_Zepplin-Going_to_California.014,1,2,0.07672351263,0.923861781
Deuter-Aura.120,1,2,0.07780881247,0.9229205912
Bee_Gees-Emotions.066,1,2,0.07784720615,0.922736037
Pink_Floyd-Dont_Leave_Me_Now.186,1,2,0.07849681768,0.9221647118
Deva_Premal-Sammasati.022,1,2,0.07949222444,0.9212564467
Andrea_Bocelli_ft_Jennifer_Lopez-Quizas_Quizas_Quizas.038,1,2,0.07947552924,0.9211359545
Bee_Gees-Emotions.006,1,2,0.07952546711,0.9211184381
Journay-Open_Arms.60,1,2,0.0795956262,0.9209850474
Blue_Oyster_Cult-Dont_Fear_The_Reaper.078,1,2,0.08066261381,0.9199345116
AC_DC-Ride_On.014,1,2,0.08171702489,0.9190932541
Deva_Premal-Homage_To_Krishna.134,1,2,0.08245882243,0.9183612059
Christopher_Cross-Sailing.142,1,2,0.08253847172,0.9180921557
Blue_Oyster_Cult-Dont_Fear_The_Reaper.020,1,2,0.08282668241,0.9177736076
Metallica-Fade_To_Black.200,1,2,0.08304731975,0.9175465164
James_Blunt-Youre_Beautiful.120,1,2,0.08398950576,0.9166362779
Andrea_Bocelli_ft_Christina_Aguilera_Somos_Novios.032,1,2,0.08429038952,0.916319623
Al_Green-Lets_Stay_Together.064,1,2,0.08454791846,0.9161084203
Bee_Gees-Emotions.118,1,2,0.08494833778,0.9156534185
John_Denver-Rocky_mountain_high.174,1,2,0.08581024226,0.9148831906
Burton_Cummings-Fine_State_Of_Affairs.068,1,2,0.08617240065,0.914475444
Little_River_Band-Reminiscing.108,1,2,0.08718955013,0.9134650741
John_Mayer-Slow_Dancing_in_a_Burning_Room.178,1,2,0.08750875652,0.9131377719
Death_Angel-A_Room_With_A_View.060,1,2,0.0884223906,0.9122416631
J_Holiday-Suffocate.076,1,2,0.08916608289,0.9113963606
Celine_Dion_and_Barbra_Streisand-Tell_him.132,1,2,0.0898798624,0.910731393
Bee_Gees-Emotions.164,1,2,0.09108992461,0.9095673202
John_Denver-Rocky_mountain_high.062,1,2,0.09126877456,0.9094207168
Cranberries-Linger.066,1,2,0.09149485486,0.9092282537
Deva_Premal-Devi_Prayer.130,1,2,0.09180098783,0.908963263
J_Holiday-Suffocate.174,1,2,0.09198693232,0.9086730546
Al_Green-Lets_Stay_Together.148,1,2,0.09299499527,0.9077575869
Foreigner-Waiting_For_A_Girl_Like_You.098,1,2,0.09405471845,0.9065957185
Christopher_Cross-Sailing.188,1,2,0.09524524855,0.9056327298
Bee_Gees-Too_Much_Heaven.162,1,2,0.09699989284,0.9036873465
Jimi_Hendrix-The_Wind_Cries_Mary.128,1,2,0.09729666048,0.9034670747
Suzanne_D_Mello-Slumdog_Millionaire_Latikas_Theme.062,1,2,0.09928410547,0.9014251858
Deva_Premal-Rasa_Govindam.166,1,2,0.1001639388,0.9005561188
Christopher_Cross-Think_of_Laura.156,1,2,0.1015612472,0.8991374905
John_Denver-Leaving_on_a_Jetplane.050,1,2,0.102581249,0.8982627172
Deva_Premal-Sammasati.026,1,2,0.1031572953,0.8976083731
Christopher_Cross-Sailing.166,1,2,0.1032999042,0.8975514292
Christopher_Cross-Never_Be_The_Same.190,1,2,0.103696203,0.8970816108
Deva_Premal-Om_Namo_Bhagavate.196,1,2,0.1044465616,0.8965282538
Bee_Gees-Too_Much_Heaven.188,1,2,0.1066773479,0.8943444191
Celine_Dion_and_Barbra_Streisand-Tell_him.184,1,2,0.1068407917,0.8940742889
Zero_7-Spinning.096,1,2,0.1068501489,0.893903687
John_Denver-Take_Me_Home_Country_Roads.154,1,2,0.1074028475,0.8935034426
The_Alan_Parsons_Project-Time.80,1,2,0.1078045941,0.8932378895
Foreigner-Waiting_For_A_Girl_Like_You.028,1,2,0.1078767724,0.8930067824
John_Denver-Rocky_mountain_high.102,1,2,0.1081678466,0.89263889
The_Doors-The_End.184,1,2,0.10896923,0.8918892583
Andrea_Bocelli_ft_Jennifer_Lopez-Quizas_Quizas_Quizas.030,1,2,0.1093880521,0.8916335879
Christopher_Cross-Never_Be_The_Same.012,1,2,0.1095204078,0.8912740684
John_Mayer-Daughters.120,1,2,0.1098782163,0.8911615667
Deva_Premal-Sammasati.156,1,2,0.1097470911,0.8910057378
Eric_Clapton-Tears_In_Heaven.178,1,2,0.1101567195,0.8907683681
Crepusculo-Bring_me_to_life.024,1,2,0.1101171571,0.8906404582
Foreigner-I_Want_To_Know_What_Love_Is.090,1,2,0.1114979371,0.8893641005
Foreigner-I_Want_To_Know_What_Love_Is.194,1,2,0.1119576084,0.8891087589
Afroman-Because_I_Got_High.174,1,2,0.1132973395,0.8877128256
Blue_Oyster_Cult-Dont_Fear_The_Reaper.096,1,2,0.1136532774,0.8871553972
Christopher_Cross-Sailing.126,1,2,0.1145489845,0.8862600151
Chicago-Hard_Habit_To_Break.138,1,2,0.1146861627,0.886181187
Pantera-Planet_Caravan.178,1,2,0.1146377452,0.8861486149
Stan_Gets-The_Girl_From_Ipanema.122,1,2,0.1149018528,0.8859031454
Red_Hot_Chilli_Peppers-Under_the_Bridge.162,1,2,0.1152188332,0.8857297291
Cranberries-Linger.196,1,2,0.1165705141,0.8845266497
Cranberries-Linger.060,1,2,0.1169203941,0.8839630711
Christopher_Cross-Sailing.164,1,2,0.1168545906,0.8839297237
Afroman-Because_I_Got_High.076,1,2,0.1174711993,0.883317077
Christopher_Cross-Sailing.098,1,2,0.1178703188,0.8832259969
Red_Hot_Chilli_Peppers-Under_the_Bridge.110,1,2,0.1178078421,0.8830663314
Sherriff-When_Im_With_You.104,1,2,0.1200042851,0.8810658721
Maryaan-Netru_Aval_Irunthal_tamil.044,1,2,0.1200079582,0.8808465795
Deva_Premal-Homage_To_Krishna.180,1,2,0.1212914212,0.8797026599
Led_Zeppelin-Tangerine.060,1,2,0.1228113877,0.8780227633
John_Mayer-Gravity.014,1,2,0.1229799936,0.8778479935
John_Mayer-Dreaming_With_A_Broken_Heart.078,1,2,0.1230663838,0.8778272336
Dead_Kennedys-The_Prey.056,1,2,0.1238702143,0.8772897633
Dead_Kennedys-The_Prey.108,1,2,0.1239946202,0.87689071
Burton_Cummings-Fine_State_Of_Affairs.172,1,2,0.1247589883,0.8763979476
Pink_Floyd-Hey_You.096,1,2,0.1245223033,0.8763869799
Foreigner-Waiting_For_A_Girl_Like_You.042,1,2,0.1254015231,0.8754384655
Faith_Hill-There_Youll_Be.140,1,2,0.1279843959,0.8729660896
Sleep_Deeply-Twilight_Fades.128,1,2,0.1291099645,0.8720404073
HD-Vellai_Pookal_(white_flowers).030,1,2,0.1296756513,0.8713676253
Pantera-Planet_Caravan.124,1,2,0.1299441207,0.8713063538
Deva_Premal-Sammasati.034,1,2,0.1296347188,0.8712571074
Christopher_Cross-Sailing.124,1,2,0.1305080725,0.8705443374
Norah_Jones-Come_Away_with_Me.068,1,2,0.1307821916,0.8700835532
Extreme-More_Than_Words.118,1,2,0.130994981,0.8699271391
Chicago-Hard_Habit_To_Break.046,1,2,0.1321897288,0.8689686198
Dead_Kennedys-The_Prey.068,1,2,0.1323848771,0.8688585469
Stan_Gets-The_Girl_From_Ipanema.016,1,2,0.1320854575,0.8688028914
Bee_Gees-Too_Much_Heaven.078,1,2,0.1325051993,0.8685136889
Sherriff-When_Im_With_You.106,1,2,0.132925458,0.8682436852
Foreigner-I_Want_To_Know_What_Love_Is.084,1,2,0.1334003032,0.8674808943
Celine_Dion-The_Power_Of_Love.118,1,2,0.1341308337,0.8667294708
Enya-Anywhere_Is.006,1,2,0.1347001502,0.8664341092
The_Piano_Guys-Rolling_In_the_Deep.106,1,2,0.1345813376,0.8663013075
Christopher_Cross-Sailing.112,1,2,0.1375028868,0.863551432
Faith_Hill-There_Youll_Be.126,1,2,0.1384420121,0.8628417091
AC_DC-Ride_On.028,1,2,0.138466398,0.8625119478
Blue_Oyster_Cult-Dont_Fear_The_Reaper.044,1,2,0.1390771361,0.8619156285
Afroman-Because_I_Got_High.024,1,2,0.1390606901,0.8618243131
Dan_Gibson-Evening_Song.186,1,2,0.1391723305,0.8618220865
Pink_Floyd-Us_And_Them.130,1,2,0.1395589764,0.861425926
Foreigner-I_Want_To_Know_What_Love_Is.028,1,2,0.1396650683,0.8614042038
Jimi_Hendrix-The_Wind_Cries_Mary.006,1,2,0.1403404231,0.8608983036
Norah_Jones-Come_Away_with_Me.154,1,2,0.1416355926,0.8596679553
Bee_Gees-Too_Much_Heaven.084,1,2,0.141586906,0.8595286352
John_Mayer-Daughters.106,1,2,0.1429756302,0.8581513445
Deva_Premal-Om_Namo_Bhagavate.074,1,2,0.1438359879,0.8572145252
Led_Zeppelin-Thank_You.020,1,2,0.1447197835,0.8561723844
Enya-Fairytale.060,1,2,0.1456615061,0.8555124642
Eric_Clapton-Wonderful_Tonight.166,1,2,0.1455315615,0.8553559338
Little_River_Band-Reminiscing.004,1,2,0.1457733629,0.8552494761
Dead_Kennedys-The_Prey.126,1,2,0.1460923497,0.8552073408
Deva_Premal-Om_Namo_Bhagavate.194,1,2,0.146689711,0.8542862842
Johann_Sebastian_Bach-Air_on_G_String.136,1,2,0.1475132747,0.8537733114
Blue_Oyster_Cult-Dont_Fear_The_Reaper.006,1,2,0.1472683367,0.8537518137
Bee_Gees-Emotions.146,1,2,0.1480455028,0.8529312017
Metallica-One.062,1,2,0.1482271211,0.8527789422
Chicago-Youre_The_Inspiration.080,1,2,0.1492919913,0.8520264743
Pantera-Planet_Caravan.136,1,2,0.1491963605,0.8519473767
Barbara_Streisand-Memory.172,1,2,0.1493474022,0.85184274
Bee_Gees-Too_Much_Heaven.100,1,2,0.1494145553,0.8517260917
Christopher_Cross-Think_of_Laura.188,1,2,0.1495182444,0.8515023749
Little_River_Band-Reminiscing.024,1,2,0.1496116744,0.8513830147
Afroman-Because_I_Got_High.058,1,2,0.1503942513,0.850906796
Stan_Gets-The_Girl_From_Ipanema.140,1,2,0.150737852,0.8503634923
John_Mayer-Dreaming_With_A_Broken_Heart.132,1,2,0.1510567967,0.8501189738
John_Denver-Rocky_mountain_high.090,1,2,0.1512580781,0.849848556
Bread-Lost_Without_Your_Love.056,1,2,0.1516070709,0.8494319673
Enya-Only_Time_(Radio_Edit).190,1,2,0.1522539432,0.848776366
Chicago-Hard_Habit_To_Break.092,1,2,0.1526768166,0.8485698506
Deva_Premal-Rasa_Govindam.180,1,2,0.1528142689,0.8481698292
Boston-Livin_for_You.128,1,2,0.1531654044,0.8479102495
Trooper-Oh_pretty_lady.020,1,2,0.1539654485,0.8471015296
Metallica-Fade_To_Black.086,1,2,0.1541417404,0.8468922946
John_Mayer-Gravity.016,1,2,0.1548966024,0.8462100879
Led_Zeppelin-Thank_You.122,1,2,0.1549709149,0.8460071181
Pantera-Planet_Caravan.014,1,2,0.1550916491,0.8459092666
Metallica-One.154,1,2,0.1550688163,0.8459047275
AC_DC-Ride_On.034,1,2,0.1552510393,0.8459038291
Blue_Oyster_Cult-Dont_Fear_The_Reaper.108,1,2,0.1555971308,0.8454562167
Bee_Gees-Too_Much_Heaven.050,1,2,0.1560282888,0.8450150107
Deva_Premal-Devi_Prayer.138,1,2,0.1563783654,0.8448104537
Burton_Cummings-Fine_State_Of_Affairs.048,1,2,0.1564808069,0.8447232527
Burton_Cummings-Fine_State_Of_Affairs.060,1,2,0.1564478484,0.8447031387
Bee_Gees-Too_Much_Heaven.132,1,2,0.156735585,0.8443176487
Eric_Clapton-Let_It_Grow.038,1,2,0.1585881253,0.8424816133
Zero_7-Spinning.046,1,2,0.1594639951,0.8415870278
Dead_Kennedys-The_Prey.070,1,2,0.1598100289,0.8412864351
Deva_Premal-Om_Namo_Bhagavate.076,1,2,0.1609819729,0.8403057313
John_Lennon-Imagine.144,1,2,0.1613696527,0.8398404175
Deva_Premal-Devi_Prayer.098,1,2,0.1626860124,0.8386545846
Christopher_Cross-Sailing.062,1,2,0.1624352126,0.838636027
Led_Zeppelin-Kashmir.070,1,2,0.1629406481,0.8382159185
Norah_Jones-Dont_Know_Why.140,1,2,0.162912102,0.8381881333
Celine_Dion_and_Barbra_Streisand-Tell_him.072,1,2,0.1632701841,0.8379128301
Foreigner-Waiting_For_A_Girl_Like_You.108,1,2,0.1631093385,0.8378539754
Ron_Allen-Sky.138,1,2,0.1634054317,0.8378501889
AC_DC-Ride_On.042,1,2,0.1639785468,0.8372695252
John_Mayer-Gravity.020,1,2,0.1649380549,0.8360979122
Deva_Premal-Sammasati.184,1,2,0.165289447,0.8359026592
Bee_Gees-Too_Much_Heaven.046,1,2,0.1659456411,0.8355308968
Deva_Premal-Homage_To_Krishna.174,1,2,0.165969253,0.8352747146
Chicago-Youre_The_Inspiration.048,1,2,0.1661905867,0.8349299842
John_Denver-Rocky_mountain_high.150,1,2,0.1661293254,0.8349096956
Deva_Premal-Devi_Prayer.134,1,2,0.1666888369,0.8345879665
Deva_Premal-Sammasati.102,1,2,0.1668937755,0.834242848
Pink_Floyd-On_The_Turning_Away.098,1,2,0.167186543,0.8339213087
The_Doors-The_End.076,1,2,0.167286253,0.8338465237
Al_Green-Lets_Stay_Together.134,1,2,0.1680621185,0.8332940745
John_Mayer-Dreaming_With_A_Broken_Heart.124,1,2,0.1682053669,0.8330366821
Deva_Premal-Sammasati.146,1,2,0.1693813281,0.8316815522
Johann_Sebastian_Bach-Air_on_G_String.064,1,2,0.1708647698,0.8303447728
Christopher_Cross-Sailing.086,1,2,0.1717222158,0.8295941806
Maryaan-Netru_Aval_Irunthal_tamil.120,1,2,0.1722294102,0.8292956097
Foreigner-Waiting_For_A_Girl_Like_You.200,1,2,0.1721250134,0.8288772152
Barbara_Streisand-Memory.096,1,2,0.1723280327,0.8288449467
Crepusculo-Bring_me_to_life.026,1,2,0.1721107328,0.8288219823
Deva_Premal-Homage_To_Krishna.132,1,2,0.1724358902,0.8287462649
Norah_Jones-Come_Away_with_Me.076,1,2,0.172965686,0.8281662415
Metallica-One.060,1,2,0.1734293627,0.8277186362
Foreigner-I_Want_To_Know_What_Love_Is.174,1,2,0.1740933424,0.8270154154
Barbra_Streisand_ft_Bee_Gees-Woman_in_Love.052,1,2,0.1742560005,0.8269577979
Christopher_Cross-Never_Be_The_Same.100,1,2,0.1749173067,0.8262952633
Al_Green-Lets_Stay_Together.026,1,2,0.1756425964,0.8256004112
Chicago-Hard_Habit_To_Break.094,1,2,0.1763498343,0.8249796465
Jimi_Hendrix-The_Wind_Cries_Mary.170,1,2,0.1772610789,0.8242465276
Led_Zeppelin-Thank_You.134,1,2,0.177905872,0.8233827402
Burton_Cummings-Fine_State_Of_Affairs.176,1,2,0.1786968347,0.8226524189
Stan_Gets-The_Girl_From_Ipanema.058,1,2,0.1803082221,0.8211304197
John_Denver-Leaving_on_a_Jetplane.060,1,2,0.1801576365,0.821107244
Deva_Premal-Om_Namo_Bhagavate.110,1,2,0.1803781069,0.8209897323
Little_River_Band-Reminiscing.040,1,2,0.180540752,0.8206806661
Led_Zeppelin-Thank_You.128,1,2,0.1807001883,0.8205562633
Celine_Dion-The_Power_Of_Love.174,1,2,0.1807168127,0.8204645459
Trooper-Oh_pretty_lady.162,1,2,0.1821925416,0.8190090029
Metallica-Nothing_Else_Matters.062,1,2,0.1829954693,0.8181839969
Jimi_Hendrix-The_Wind_Cries_Mary.050,1,2,0.1834812474,0.8180582103
Deva_Premal-Om_Namo_Bhagavate.054,1,2,0.1832264761,0.817884087
Christopher_Cross-Never_Be_The_Same.088,1,2,0.1834877573,0.8177898964
Extreme-More_Than_Words.014,1,2,0.1840556624,0.8174115981
Sherriff-When_Im_With_You.188,1,2,0.1839643813,0.8173949809
Bee_Gees-Too_Much_Heaven.092,1,2,0.1857185042,0.8158114299
John_Denver-Leaving_on_a_Jetplane.048,1,2,0.1858057409,0.8157169042
Barbra_Streisand_ft_Bee_Gees-Woman_in_Love.066,1,2,0.1861550428,0.815077323
Bee_Gees-To_Love_Somebody.136,1,2,0.1862915489,0.8149382706
Bee_Gees-Emotions.100,1,2,0.1870353725,0.8139584699
Sleep_Deeply-Gentle_Descent.040,1,2,0.1875326632,0.8139569427
Jimi_Hendrix-The_Wind_Cries_Mary.194,1,2,0.1880583086,0.8133881161
Johann_Sebastian_Bach-Air_on_G_String.180,1,2,0.188886912,0.8124357652
Ron_Allen-Sky.084,1,2,0.1892714653,0.8119561236
Bee_Gees-Too_Much_Heaven.144,1,2,0.1900689335,0.811222337
Foreigner-I_Want_To_Know_What_Love_Is.162,1,2,0.1909864653,0.8107296976
John_Mayer-Comfortable.072,1,2,0.1906766779,0.8106971888
Bee_Gees-To_Love_Somebody.064,1,2,0.1905998172,0.8106910187
Celine_Dion-The_Power_Of_Love.102,1,2,0.1918201018,0.8094441043
Barbara_Streisand-Memory.110,1,2,0.1925425057,0.8090592294
Jimi_Hendrix-The_Wind_Cries_Mary.034,1,2,0.1927099387,0.8088233792
Zero_7-Spinning.060,1,2,0.1927027662,0.8087257293
John_Mayer-Daughters.012,1,2,0.1928765662,0.8084369588
Deva_Premal-Sammasati.050,1,2,0.193583461,0.8078432402
Barbara_Streisand-Memory.160,1,2,0.1938259551,0.807632211
Amy_Winehouse-All_my_lovin.046,1,2,0.1938139576,0.8076081657
Deva_Premal-Sammasati.150,1,2,0.1941035233,0.8071206238
John_Denver-Rocky_mountain_high.168,1,2,0.1962095939,0.8051209226
The_Piano_Guys-Rolling_In_the_Deep.088,1,2,0.1960656491,0.8050859711
Eric_Clapton-Tears_In_Heaven.084,1,2,0.1963405558,0.8048635439
Christopher_Cross-Sailing.078,1,2,0.1975188861,0.8040577356
John_Mayer-Gravity.164,1,2,0.1972404362,0.8039247676
Rhiana-Diamonds.030,1,2,0.1985370506,0.8032627465
Billy_Joel-Just_The_Way_You_Are.80,1,2,0.1979850989,0.8032083281
Blake_Shelton-Home.092,1,2,0.1988744171,0.8027987963
Bee_Gees-Too_Much_Heaven.040,1,2,0.1993422666,0.802301508
Metallica-Nothing_Else_Matters.092,1,2,0.1991427414,0.8020979571
Bee_Gees-Emotions.044,1,2,0.1994906682,0.8017937395
The_Police-Every_Breath_You_Take.030,1,2,0.1996892629,0.8016919713
Deva_Premal-Homage_To_Krishna.112,1,2,0.1997554261,0.8016019412
J_Holiday-Suffocate.100,1,2,0.2008807155,0.8007031595
Boston-Livin_for_You.076,1,2,0.2009035906,0.8003499117
John_Mayer-Daughters.128,1,2,0.2011270041,0.800183784
Foreigner-I_Want_To_Know_What_Love_Is.120,1,2,0.202209717,0.799457503
Ron_Allen-Kindness.138,1,2,0.2030385472,0.7983784237
Eric_Clapton-Wonderful_Tonight.102,1,2,0.2030917325,0.7983493078
Deva_Premal-Homage_To_Krishna.196,1,2,0.202792324,0.7982596694
Barbara_Streisand-Memory.112,1,2,0.2036424406,0.7978982016
Jimi_Hendrix-The_Wind_Cries_Mary.158,1,2,0.2039941066,0.797691491
Suzanne_D_Mello-Slumdog_Millionaire_Latikas_Theme.100,1,2,0.20469955,0.7966402189
J_Holiday-Suffocate.138,1,2,0.2053167994,0.7962832476
Cranberries-Linger.148,1,2,0.2054349376,0.7960297819
Barbara_Streisand-Memory.088,1,2,0.2060114523,0.7954253512
John_Mayer-Daughters.160,1,2,0.2060511001,0.7953784539
Foreigner-Waiting_For_A_Girl_Like_You.156,1,2,0.2059980273,0.7953219977
Deva_Premal-Sammasati.078,1,2,0.2065729995,0.7949295456
Adele-Skyfall.082,1,2,0.2065687153,0.794812396
Bee_Gees-Too_Much_Heaven.066,1,2,0.2070717931,0.7944121943
Amy_Winehouse-All_my_lovin.088,1,2,0.207037634,0.794346507
John_Lennon-Imagine.142,1,2,0.2072849046,0.7942010758
Jimi_Hendrix-The_Wind_Cries_Mary.188,1,2,0.2078681387,0.7939429905
J_Holiday-Suffocate.016,1,2,0.209080417,0.7926135003
Celine_Dion-The_Power_Of_Love.170,1,2,0.2089199801,0.7922588317
John_Mayer-Daughters.066,1,2,0.2095368924,0.7920875117
Ron_Allen-Kindness.186,1,2,0.2093140564,0.7920102409
Divinity-Third_Awakening.038,1,2,0.2101118905,0.7913627777
Divinity-Second_Awakening.090,1,2,0.2107161617,0.7909511961
Amy_Winehouse-All_my_lovin.068,1,2,0.2108748537,0.790499103
Bee_Gees-Too_Much_Heaven.074,1,2,0.2115400894,0.7899048515
Burton_Cummings-Fine_State_Of_Affairs.062,1,2,0.211831993,0.7898879918
Led_Zeppelin-Babe_Im_Gonna_Leave_You.104,1,2,0.2122920006,0.7892499039
Led_Zeppelin-Thank_You.072,1,2,0.2122406422,0.789162136
Eric_Clapton-Tears_In_Heaven.162,1,2,0.2123360989,0.7889507218
Eric_Clapton-Tears_In_Heaven.068,1,2,0.2133110477,0.7880964122
Metallica-Orion.046,1,2,0.2138799625,0.7876833798
Rhiana-Diamonds.034,1,2,0.2141539509,0.7876086771
Barbara_Streisand-The_Love_Inside.034,1,2,0.214695575,0.7869491818
Blue_Oyster_Cult-Dont_Fear_The_Reaper.042,1,2,0.2149678963,0.7867391362
Dead_Kennedys-The_Prey.136,1,2,0.2152303941,0.7865993921
Eric_Clapton-Wonderful_Tonight.160,1,2,0.2152336076,0.7863619982
Deva_Premal-Om_Namo_Bhagavate.034,1,2,0.215404271,0.7859790611
Deva_Premal-Devi_Prayer.096,1,2,0.2160362861,0.7855412416
Eric_Clapton-Wonderful_Tonight.084,1,2,0.2163506509,0.7852948963
Blake_Shelton-Home.080,1,2,0.2167663018,0.7849864625
Blue_Oyster_Cult-Dont_Fear_The_Reaper.110,1,2,0.2166832379,0.784880986
Enya-Only_Time_(Radio_Edit).104,1,2,0.2164631107,0.7848149423
Eric_Clapton-Wonderful_Tonight.044,1,2,0.2169208876,0.784667557
John_Denver-Leaving_on_a_Jetplane.160,1,2,0.2175723272,0.7841202011
Cranberries-Linger.142,1,2,0.2173269874,0.7840458092
Burton_Cummings-Fine_State_Of_Affairs.178,1,2,0.2178202207,0.7836534776
Cranberries-Linger.114,1,2,0.218758058,0.7827092441
Foreigner-I_Want_To_Know_What_Love_Is.124,1,2,0.2197322845,0.7818156175
John_Mayer-Gravity.148,1,2,0.2197511004,0.7813682522
Barbara_Streisand-Memory.094,1,2,0.2205378049,0.7807054612
Jimi_Hendrix-The_Wind_Cries_Mary.118,1,2,0.2209413417,0.7805184748
James_Blunt-Youre_Beautiful.100,1,2,0.2209359155,0.7804937111
Christopher_Cross-Never_Be_The_Same.060,1,2,0.2216669048,0.780118683
Enya-Only_Time_(Radio_Edit).066,1,2,0.2220319974,0.779266177
Pantera-Planet_Caravan.118,1,2,0.222474452,0.778928852
Deva_Premal-Homage_To_Krishna.198,1,2,0.2225173522,0.7788543117
Pantera-Planet_Caravan.180,1,2,0.2226177752,0.7788163659
Faith_Hill-There_Youll_Be.078,1,2,0.2233770457,0.7784532758
Metallica-One.146,1,2,0.2238870824,0.7776376469
The_Beatles-Lucy_In_The_Sky_With_Diamonds.086,1,2,0.2250326046,0.7765084397
Jimi_Hendrix-The_Wind_Cries_Mary.174,1,2,0.2253422109,0.7764875555
Stan_Gets-The_Girl_From_Ipanema.124,1,2,0.2252781584,0.7764449981
Barbara_Streisand-Memory.064,1,2,0.2267757851,0.7750389124
John_Mayer-Slow_Dancing_in_a_Burning_Room.090,1,2,0.2270539741,0.7742930291
John_Denver-Rocky_mountain_high.170,1,2,0.2278564783,0.7737112702
Death_Angel-A_Room_With_A_View.108,1,2,0.22909985,0.7725462508
Foreigner-I_Want_To_Know_What_Love_Is.042,1,2,0.2292474146,0.772394894
Jimi_Hendrix-The_Wind_Cries_Mary.176,1,2,0.2299998733,0.7716183749
Deva_Premal-Rasa_Govindam.076,1,2,0.2299454253,0.7714207149
Sleep_Deeply-Twilight_Fades.032,1,2,0.230624859,0.7708236044
Eric_Clapton-Wonderful_Tonight.194,1,2,0.2311135846,0.7706380223
Crepusculo-Bring_me_to_life.014,1,2,0.2319665557,0.7693617855
Christopher_Cross-Never_Be_The_Same.114,1,2,0.232503218,0.7691810568
Led_Zeppelin-Kashmir.006,1,2,0.2335913812,0.7679107572
Stan_Gets-The_Girl_From_Ipanema.020,1,2,0.2336008263,0.7677583754
Boston-Livin_for_You.134,1,2,0.234317698,0.7672254598
Randy_Vanwarmer-Just_When_I_needed_You_Most.070,1,2,0.2346566708,0.7672116184
The_Doors-The_End.090,1,2,0.2349236923,0.7669369712
Celine_Dion_and_Barbra_Streisand-Tell_him.164,1,2,0.2344742297,0.7668070869
The_Alan_Parsons_Project-Eye_In_The_Sky.40,1,2,0.2349473452,0.766676303
Foreigner-I_Want_To_Know_What_Love_Is.190,1,2,0.2350905342,0.7663190402
Christopher_Cross-Never_Be_The_Same.126,1,2,0.2354070809,0.766020994
Jimi_Hendrix-The_Wind_Cries_Mary.066,1,2,0.2359109511,0.7659458453
Andrea_Bocelli_ft_Christina_Aguilera_Somos_Novios.036,1,2,0.2356619727,0.7659261303
Cranberries-Linger.104,1,2,0.2357568246,0.7658412344
Eric_Carmen-All_By_Myself.170,1,2,0.2356798602,0.7658023842
Black_Sabbath-Changes.138,1,2,0.2360381225,0.7655449664
Verdi-La_Traviata_Act 1_ Prelude.110,1,2,0.236466258,0.76504267
Afroman-Because_I_Got_High.108,1,2,0.2365739901,0.7648797541
Foreigner-Waiting_For_A_Girl_Like_You.148,1,2,0.2369074771,0.7644313374
Pantera-Planet_Caravan.074,1,2,0.2373810116,0.7638995016
Ron_Allen-Sky.134,1,2,0.2384005129,0.7632365646
The_Doors-The_End.188,1,2,0.2392132386,0.7625620014
John_Denver-Rocky_mountain_high.068,1,2,0.2391618968,0.7623918269
Enya-Only_Time_(Radio_Edit).152,1,2,0.2393565513,0.762164462
Eric_Clapton-Wonderful_Tonight.070,1,2,0.2397863747,0.7617087465
Jimi_Hendrix-The_Wind_Cries_Mary.040,1,2,0.2404882587,0.7610329646
Britt_Nicole-Through_the_Eyes_Of_Love.076,1,2,0.2411991035,0.7606636462
John_Mayer-Daughters.046,1,2,0.2421512929,0.7597685699
Ron_Allen-Sky.110,1,2,0.2421462958,0.7595381165
Jimi_Hendrix-The_Wind_Cries_Mary.150,1,2,0.2422826024,0.7592250115
Bee_Gees-Too_Much_Heaven.118,1,2,0.2432133045,0.7586113644
Jimi_Hendrix-The_Wind_Cries_Mary.114,1,2,0.243827443,0.7579960825
Pantera-Planet_Caravan.034,1,2,0.2443108832,0.757586377
Creed-With_Arms_Wide_Open.068,1,2,0.2442324418,0.7575250808
Eric_Clapton-Tears_In_Heaven.200,1,2,0.2445144418,0.7571064327
Eric_Clapton-Wonderful_Tonight.146,1,2,0.245109377,0.756815107
Christopher_Cross-Never_Be_The_Same.096,1,2,0.2449053782,0.7566892705
Maryaan-Netru_Aval_Irunthal_tamil.074,1,2,0.2454628376,0.7560701361
Christopher_Cross-Sailing.060,1,2,0.2456699339,0.7560269864
Andrea_Bocelli_ft_Christina_Aguilera_Somos_Novios.040,1,2,0.2459174829,0.755877235
John_Lennon-Imagine.094,1,2,0.2458224503,0.7558720791
John_Mayer-Gravity.176,1,2,0.2473498179,0.754661392
Eric_Clapton-Wonderful_Tonight.092,1,2,0.2471885988,0.7545348459
Lil_Wayne-Lollipop.066,1,2,0.2481896061,0.7537948784
John_Mayer-Daughters.130,1,2,0.2477228425,0.7537202939
Stan_Gets-The_Girl_From_Ipanema.132,1,2,0.2481426501,0.7534783665
Barbara_Streisand-Memory.024,1,2,0.2484905033,0.7532605207
Blue_Oyster_Cult-Dont_Fear_The_Reaper.034,1,2,0.2485497946,0.7530732341
Barbara_Streisand-Memory.092,1,2,0.248765939,0.7530096181
AC_DC-Ride_On.004,1,2,0.2489813568,0.7525713527
Red_Hot_Chilli_Peppers-Under_the_Bridge.100,1,2,0.2490164941,0.7524003998
Bee_Gees-Too_Much_Heaven.142,1,2,0.2500949542,0.7516025067
Chicago-Youre_The_Inspiration.112,1,2,0.2503912015,0.7515073326
Death_Angel-A_Room_With_A_View.032,1,2,0.2503137166,0.7513485417
Pantera-Planet_Caravan.188,1,2,0.2509149708,0.7509792209
Blue_Oyster_Cult-Dont_Fear_The_Reaper.144,1,2,0.2507466899,0.7507525373
Norah_Jones-Dont_Know_Why.118,1,2,0.250852744,0.7506765825
Pink_Floyd-Nobody_Home.50,1,2,0.2510123759,0.7506065903
Foreigner-I_Want_To_Know_What_Love_Is.200,1,2,0.251493734,0.7504387572
Amanda_Seyfried-Little_House.096,1,2,0.2519371123,0.7497762319
Bee_Gees-Emotions.082,1,2,0.2519352763,0.7496190938
The_Police-Every_Breath_You_Take.018,1,2,0.2522220357,0.749608921
Sleep_Deeply-An_Angels_Caress.024,1,2,0.2529786488,0.7486482509
Celine_Dion-The_Power_Of_Love.152,1,2,0.2542893589,0.7471203663
Led_Zeppelin-Babe_Im_Gonna_Leave_You.038,1,2,0.2549824394,0.7469484691
Zero_7-Spinning.052,1,2,0.2547100841,0.746759673
Al_Green-Lets_Stay_Together.106,1,2,0.2551553622,0.746424123
Red_Hot_Chilli_Peppers-Under_the_Bridge.116,1,2,0.2557781386,0.7462524656
Pantera-Planet_Caravan.092,1,2,0.2557329165,0.745789648
Maryaan-Netru_Aval_Irunthal_tamil.170,1,2,0.2563053395,0.7456241384
Sarah_Brightman-You_Take_My_Breath_Away.086,1,2,0.2566043611,0.7453280462
Trooper-Oh_pretty_lady.096,1,2,0.2569992322,0.7445560765
Red_Hot_Chilli_Peppers-Under_the_Bridge.120,1,2,0.2574914902,0.744037509
Maryaan-Netru_Aval_Irunthal_tamil.032,1,2,0.2576492985,0.743937184
Bee_Gees-Emotions.064,1,2,0.257986693,0.7432899362
Foreigner-Waiting_For_A_Girl_Like_You.020,1,2,0.2589956268,0.7427113841
The_Doors-The_End.194,1,2,0.2596091439,0.7423258863
Bee_Gees-Emotions.144,1,2,0.2600171346,0.7419491232
Burton_Cummings-Fine_State_Of_Affairs.140,1,2,0.2599303512,0.7415907829
John_Lennon-Imagine.062,1,2,0.2599732625,0.741576971
Pantera-Planet_Caravan.082,1,2,0.2606546195,0.741227775
Jimi_Hendrix-The_Wind_Cries_Mary.052,1,2,0.2603383154,0.7412047001
Alan_Jackson-Remember_When.176,1,2,0.2609765638,0.7407775619
Bee_Gees-Emotions.198,1,2,0.2610329031,0.7407476165
Eric_Clapton-Wonderful_Tonight.198,1,2,0.2614697706,0.7401938445
Dan_Gibson-Waves_Of_Peace.182,1,2,0.2620935113,0.7397170399
Stan_Gets-The_Girl_From_Ipanema.082,1,2,0.2619412016,0.739552358
Metallica-One.074,1,2,0.2636204883,0.7378861016
Burton_Cummings-Break_It_To_Them_Gently.092,1,2,0.2638132187,0.7378418047
Lil_Wayne-Lollipop.074,1,2,0.2643620311,0.7371860209
Metallica-Fade_To_Black.052,1,2,0.2647023019,0.7371437981
Stan_Gets-The_Girl_From_Ipanema.114,1,2,0.2648275225,0.7370344813
Norah_Jones-Come_Away_with_Me.148,1,2,0.2653065826,0.7363562277
John_Denver-Rocky_mountain_high.088,1,2,0.2658205214,0.7358028501
Bee_Gees-Emotions.052,1,2,0.2664693688,0.7349500908
Deuter-Aura.152,1,2,0.2675055352,0.734314557
Foreigner-Waiting_For_A_Girl_Like_You.192,1,2,0.2677319988,0.7342530447
Faith_Hill-There_Youll_Be.116,1,2,0.2679498933,0.7338219522
AC_DC-Ride_On.036,1,2,0.2682183679,0.7337436231
John_Denver-Leaving_on_a_Jetplane.086,1,2,0.2680616613,0.7336868504
Burton_Cummings-Fine_State_Of_Affairs.170,1,2,0.2683644484,0.7336282269
Cranberries-Linger.140,1,2,0.268465003,0.7333283248
John_Denver-Rocky_mountain_high.108,1,2,0.269160837,0.7328525737
The_Police-Every_Breath_You_Take.016,1,2,0.2693312625,0.7321207058
Afroman-Because_I_Got_High.130,1,2,0.2700771188,0.7318093572
Pantera-Planet_Caravan.102,1,2,0.2703002463,0.7314953504
Eric_Clapton-Tears_In_Heaven.098,1,2,0.2701591113,0.7314913499
Christopher_Cross-Never_Be_The_Same.014,1,2,0.270700659,0.7309718873
Deva_Premal-Sammasati.164,1,2,0.271292718,0.7307693245
Norah_Jones-Come_Away_with_Me.084,1,2,0.2711659895,0.7305061144
Ron_Allen-Kindness.160,1,2,0.2714170382,0.7304726022
South_Park-Up_There.072,1,2,0.2714241517,0.7303708499
Maryaan-Netru_Aval_Irunthal_tamil.134,1,2,0.2711663614,0.7302866152
Burton_Cummings-Fine_State_Of_Affairs.016,1,2,0.2715792075,0.7302393538
Burton_Cummings-Fine_State_Of_Affairs.152,1,2,0.2716855256,0.7301486784
Andrea_Bocelli_ft_Jennifer_Lopez-Quizas_Quizas_Quizas.052,1,2,0.2720311547,0.7300496693
Led_Zeppelin-Kashmir.052,1,2,0.271984299,0.7298614856
Blue_Oyster_Cult-Dont_Fear_The_Reaper.024,1,2,0.2718389281,0.7298414594
Bee_Gees-Too_Much_Heaven.158,1,2,0.2729893509,0.728964807
Led_Zeppelin-Tangerine.058,1,2,0.2734200324,0.7281269022
Barbara_Streisand-Memory.032,1,2,0.2736391515,0.7280573428
Red_Hot_Chilli_Peppers-Under_the_Bridge.156,1,2,0.274300744,0.727612217
Christopher_Cross-Sailing.148,1,2,0.2745375472,0.727337207
Carpenter-Close_to_you.192,1,2,0.2747203029,0.7271227436
Barbara_Streisand-Memory.174,1,2,0.2747784241,0.7267999065
John_Denver-Take_Me_Home_Country_Roads.178,1,2,0.2751213579,0.7265514333
Deva_Premal-Devi_Prayer.128,1,2,0.2754134107,0.7265062843
Barbara_Streisand-Memory.090,1,2,0.2753387039,0.7264788656
Celine_Dion-The_Power_Of_Love.100,1,2,0.2765386421,0.7258809767
Death_Angel-A_Room_With_A_View.118,1,2,0.2757639395,0.725856385
Deva_Premal-Sammasati.058,1,2,0.2763824347,0.7254552523
Deva_Premal-Rasa_Govindam.064,1,2,0.2762145399,0.7254502423
Zero_7-Spinning.082,1,2,0.2762624209,0.7254360993
J_Holiday-Suffocate.046,1,2,0.2766192959,0.7254140188
Ron_Allen-Sky.074,1,2,0.2766471826,0.7250612864
Eric_Carmen-All_By_Myself.100,1,2,0.2774680532,0.7247228665
John_Denver-Leaving_on_a_Jetplane.178,1,2,0.2772756725,0.724646019
Celine_Dion_and_Barbra_Streisand-Tell_him.158,1,2,0.2775732045,0.7239264792
Deva_Premal-Om_Namo_Bhagavate.100,1,2,0.2786608763,0.7235317534
John_Denver-Leaving_on_a_Jetplane.162,1,2,0.2784702293,0.7234537504
Burton_Cummings-Fine_State_Of_Affairs.026,1,2,0.2785767968,0.7231584217
Dan_Gibson-Paradise_Revealed.146,1,2,0.2789688259,0.7227408008
Led_Zeppelin-Tangerine.068,1,2,0.279262902,0.7223878373
Bee_Gees-Emotions.056,1,2,0.2793248308,0.7223439144
J_Holiday-Suffocate.034,1,2,0.2791867477,0.7223303347
Sarah_Brightman-You_Take_My_Breath_Away.058,1,2,0.280180743,0.721600291
Bee_Gees-To_Love_Somebody.156,1,2,0.2804353492,0.7211611827
Al_Green-Lets_Stay_Together.140,1,2,0.2807458906,0.720905489
Eric_Clapton-Wonderful_Tonight.132,1,2,0.2822679904,0.7194898468
John_Mayer-Gravity.008,1,2,0.2827533859,0.7190703992
Deva_Premal-Sammasati.122,1,2,0.2833859495,0.7187862384
Trooper-Oh_pretty_lady.170,1,2,0.2834189755,0.7186012332
Christopher_Cross-Sailing.178,1,2,0.2829652687,0.7185968469
John_Mayer-Gravity.018,1,2,0.2835319313,0.7185372974
The_Piano_Guys-A_Thousand_Years.170,1,2,0.2832706043,0.718523745
Burton_Cummings-Fine_State_Of_Affairs.122,1,2,0.2836817602,0.7181845445
Chicago-Hard_Habit_To_Break.122,1,2,0.2834854389,0.7181162324
Lil_Wayne-Lollipop.088,1,2,0.2834086061,0.7180395493
Sleep_Deeply-Twilight_Fades.086,1,2,0.2840778086,0.7175813028
Enigma-Return_To_Innocence.110,1,2,0.2846920164,0.7170528367
Christina_Perri-A_Thousand_Years.050,1,2,0.2861739931,0.7154904358
Deva_Premal-Homage_To_Krishna.110,1,2,0.2868061795,0.7151088787
Pink_Floyd-Outside_The_Wall.70,1,2,0.2870414356,0.7148366706
Suzanne_D_Mello-Slumdog_Millionaire_Latikas_Theme.044,1,2,0.2874675051,0.7147244915
Creed-With_Arms_Wide_Open.038,1,2,0.2875102186,0.7143330048
John_Mayer-Gravity.060,1,2,0.2875827165,0.7142517832
Pantera-Planet_Caravan.088,1,2,0.2887288831,0.7131443157
Rhiana-Diamonds.122,1,2,0.2891244093,0.7121636969
Pink_Floyd-On_The_Turning_Away.088,1,2,0.2899298142,0.7121014116
Ambrosia-Thats_How_Much_I_Feel.038,1,2,0.2897733208,0.7120369826
Foreigner-I_Want_To_Know_What_Love_Is.182,1,2,0.2904258546,0.7112207944
Cranberries-Linger.184,1,2,0.2907683096,0.711173333
Afroman-Because_I_Got_High.144,1,2,0.2902743952,0.7111575028
Deva_Premal-Sammasati.028,1,2,0.2909826176,0.7108393128
Deva_Premal-Rasa_Govindam.108,1,2,0.2910911972,0.7105941322
Jimi_Hendrix-The_Wind_Cries_Mary.028,1,2,0.2913178981,0.7104092272
Afroman-Because_I_Got_High.124,1,2,0.2914576474,0.7100084622
Bee_Gees-Too_Much_Heaven.108,1,2,0.2923041355,0.7095426331
Deva_Premal-Sammasati.064,1,2,0.2931531729,0.7087948684
Boston-Livin_for_You.028,1,2,0.2929550419,0.7086891164
Chicago-Hard_Habit_To_Break.134,1,2,0.2938446945,0.7078674073
Deva_Premal-Om_Namo_Bhagavate.192,1,2,0.294156801,0.7071501576
Jimmy_Buffet-Margaritaville.108,1,2,0.2947865365,0.7069150482
John_Denver-Rocky_mountain_high.132,1,2,0.295495952,0.7063149537
Bee_Gees-Emotions.024,1,2,0.2954592428,0.7063013453
Foreigner-Waiting_For_A_Girl_Like_You.016,1,2,0.2964959373,0.7055026216
J_Holiday-Suffocate.182,1,2,0.2964941271,0.7051428322
Burton_Cummings-Break_It_To_Them_Gently.086,1,2,0.2967366168,0.705026037
Red_Hot_Chilli_Peppers-Under_the_Bridge.150,1,2,0.2973481073,0.7046247723
Dan_Gibson-Evening_Song.192,1,2,0.297381682,0.7042904083
John_Denver-Leaving_on_a_Jetplane.070,1,2,0.297972749,0.7040284246
Boston-Amanda.40,1,2,0.2985050038,0.7033909391
Bee_Gees-Too_Much_Heaven.038,1,2,0.2986112289,0.7031338766
John_Mayer-Comfortable.150,1,2,0.2990986975,0.7031081461
Deva_Premal-Homage_To_Krishna.124,1,2,0.2987398555,0.7030176061
Barbara_Streisand-Memory.152,1,2,0.2994411368,0.7027813858
Barbra_Streisand_ft_Bee_Gees-Woman_in_Love.088,1,2,0.2989691708,0.7026397516
Led_Zeppelin-Thank_You.090,1,2,0.299283397,0.7025166869
Deuter-Aura.132,1,2,0.2997537112,0.7023873669
Afroman-Because_I_Got_High.006,1,2,0.2998439768,0.7020496138
Led_Zeppelin-Babe_Im_Gonna_Leave_You.008,1,2,0.3002135626,0.7019217757
Lil_Wayne-Lollipop.022,1,2,0.3004655606,0.7016072249
Alan_Jackson-Remember_When.150,1,2,0.3007588297,0.7013131349
John_Mayer-Dreaming_With_A_Broken_Heart.070,1,2,0.3012703541,0.7008748282
Barbara_Streisand-Memory.008,1,2,0.3014470078,0.7002653317
Eric_Clapton-Wonderful_Tonight.190,1,2,0.3015762715,0.7001573361
Al_Green-Lets_Stay_Together.070,1,2,0.3016529524,0.7000496256
Bee_Gees-Emotions.104,1,2,0.3016651322,0.6999519384
John_Lennon-Imagine.124,1,2,0.3021297757,0.6997832643
Metallica-Fade_To_Black.038,1,2,0.3022406522,0.6995248849
Chicago-Hard_Habit_To_Break.136,1,2,0.3026903689,0.6992741565
Ron_Allen-Wisdom.174,1,2,0.3028112684,0.6991631255
John_Denver-Leaving_on_a_Jetplane.184,1,2,0.3032022049,0.6988382928
John_Lennon-Imagine.116,1,2,0.3037387167,0.698124933
Bee_Gees-Emotions.010,1,2,0.3041472906,0.697932093
South_Park-Up_There.086,1,2,0.3041049701,0.6976262219
Little_River_Band-Afternoon_Delight.30,1,2,0.3052420895,0.6967538896
Sleep_Deeply-Gentle_Descent.106,1,2,0.30537106,0.6965495969
Barbra_Streisand_ft_Bee_Gees-Woman_in_Love.030,1,2,0.305503229,0.6962406863
Led_Zeppelin-Thank_You.086,1,2,0.3059409283,0.696122021
Rhiana-Diamonds.120,1,2,0.3054885212,0.6959331528
John_Denver-Leaving_on_a_Jetplane.136,1,2,0.3063192959,0.6957075475
Cranberries-Linger.156,1,2,0.3064536381,0.6956188919
Marvin_Gaye-Lets_Get_It_On.60,1,2,0.306670837,0.6950866238
Burton_Cummings-Fine_State_Of_Affairs.022,1,2,0.3067598736,0.6949074542
John_Mayer-Gravity.174,1,2,0.3069267291,0.6947565278
Testament-The_Ballad.060,1,2,0.3074171618,0.6944811333
Fifty_Shades_Of_Grey-Crazy_In_Love.118,1,2,0.3077349758,0.6939253185
Pantera-Planet_Caravan.142,1,2,0.3078942835,0.6938838102
Death_Angel-A_Room_With_A_View.024,1,2,0.3085693938,0.6932117619
John_Denver-Rocky_mountain_high.120,1,2,0.3093190871,0.692353394
Alison_Krauss-When_You_Say_Nothing_At_All.092,1,2,0.3093584702,0.6923114998
Faith_Hill-There_Youll_Be.122,1,2,0.3096447046,0.692301162
Metallica-Orion.044,1,2,0.3097998678,0.6921832368
Deva_Premal-Rasa_Govindam.024,1,2,0.3100528535,0.6921798441
Eric_Carmen-All_By_Myself.032,1,2,0.3096537942,0.6921635296
Deva_Premal-Devi_Prayer.118,1,2,0.3099256812,0.6921333629
Deuter-Aura.144,1,2,0.3112588334,0.690888368
Barbra_Streisand_ft_Bee_Gees-Woman_in_Love.056,1,2,0.3111397329,0.6906326777
John_Mayer-Daughters.094,1,2,0.3119859746,0.6897251487
The_Police-Every_Breath_You_Take.036,1,2,0.3126094346,0.6895628054
John_Mayer-Comfortable.180,1,2,0.3126015527,0.6895312208
Deva_Premal-Rasa_Govindam.110,1,2,0.31282673,0.6888530017
The_Temptations-Just_My_Imagination.40,1,2,0.3134142317,0.6882900681
Burton_Cummings-Fine_State_Of_Affairs.136,1,2,0.3147061916,0.6874463573
Red_Hot_Chilli_Peppers-Under_the_Bridge.078,1,2,0.3147687508,0.687089267
Eric_Clapton-Tears_In_Heaven.096,1,2,0.3151369058,0.6867052789
America-Ventura_Highway.042,1,2,0.3158463964,0.6864207915
Dan_Gibson-Waves_Of_Peace.122,1,2,0.3156477192,0.6861009647
Jimi_Hendrix-The_Wind_Cries_Mary.152,1,2,0.3159097064,0.6859586357
Eric_Clapton-Tears_In_Heaven.062,1,2,0.3161220814,0.6857814663
Stan_Gets-The_Girl_From_Ipanema.134,1,2,0.316320611,0.6857729455
John_Denver-Leaving_on_a_Jetplane.180,1,2,0.3170315266,0.6849315625
Alan_Jackson-Remember_When.110,1,2,0.3170048454,0.684739638
Maryaan-Netru_Aval_Irunthal_tamil.154,1,2,0.317312433,0.6846176763
Metallica-The_Call_Of_Ktulu.066,1,2,0.3177422744,0.684437477
Burton_Cummings-Fine_State_Of_Affairs.014,1,2,0.3182845252,0.6838058735
Bee_Gees_ft_Celine_Dion-Unknown.098,1,2,0.3178465083,0.6837310182
Enya-Only_Time_(Radio_Edit).014,1,2,0.319036564,0.6831060569
Bee_Gees-To_Love_Somebody.076,1,2,0.3188059687,0.6830688389
Red_Hot_Chilli_Peppers-Under_the_Bridge.104,1,2,0.3188039174,0.6830639063
Metallica-Fade_To_Black.184,1,2,0.3192756976,0.6826597959
Extreme-More_Than_Words.026,1,2,0.319182523,0.6826418559
Burton_Cummings-Fine_State_Of_Affairs.142,1,2,0.319906161,0.6819427103
J_Holiday-Suffocate.022,1,2,0.3199163605,0.6817828308
John_Denver-Rocky_mountain_high.126,1,2,0.3201187049,0.6817804061
Bee_Gees-Emotions.030,1,2,0.3200272014,0.6817258021
John_Mayer-Dreaming_With_A_Broken_Heart.134,1,2,0.3204976152,0.6816168907
Sarah_McLachlan-I_Will_Remeber_You.100,1,2,0.320844369,0.6811303663
Metallica-Nothing_Else_Matters.154,1,2,0.3204052737,0.6810937548
Dan_Gibson-Evening_Song.198,1,2,0.3208160643,0.6809620587
Foreigner-Waiting_For_A_Girl_Like_You.118,1,2,0.3217083323,0.6805974607
John_Denver-Leaving_on_a_Jetplane.084,1,2,0.3221291673,0.6798680316
Christopher_Cross-Never_Be_The_Same.058,1,2,0.3226919958,0.6793607668
Led_Zeppelin-Babe_Im_Gonna_Leave_You.048,1,2,0.323483704,0.678538859
AC_DC-Ride_On.002,1,2,0.3240180707,0.67797919
Red_Hot_Chilli_Peppers-Under_the_Bridge.148,1,2,0.3242590315,0.6775078754
Christopher_Cross-Sailing.134,1,2,0.3246070453,0.6772559832
Pink_Floyd-Hey_You.188,1,2,0.3246195459,0.6771636659
The_Doors-The_End.108,1,2,0.3253598615,0.676693281
Blue_Oyster_Cult-Dont_Fear_The_Reaper.008,1,2,0.3257807682,0.6764887672
Christopher_Cross-Sailing.018,1,2,0.3254713116,0.6761638964
Chicago-Youre_The_Inspiration.006,1,2,0.3258338306,0.6759160476
Barbra_Streisand_ft_Bee_Gees-Woman_in_Love.070,1,2,0.3265194904,0.6756347718
Bee_Gees-Too_Much_Heaven.024,1,2,0.3263893834,0.6755300129
Foreigner-I_Want_To_Know_What_Love_Is.166,1,2,0.3268677441,0.675261062
Foreigner-Waiting_For_A_Girl_Like_You.036,1,2,0.3274930059,0.6748316991
Eric_Clapton-Tears_In_Heaven.080,1,2,0.3272231153,0.6747911399
Norah_Jones-Dont_Know_Why.114,1,2,0.3272577477,0.6746479606
Al_Green-Lets_Stay_Together.068,1,2,0.3278152134,0.6743202718
John_Mayer-Comfortable.102,1,2,0.3278833816,0.6742021012
Deva_Premal-Om_Namo_Bhagavate.186,1,2,0.3276358601,0.6740714063
Bee_Gees-Too_Much_Heaven.076,1,2,0.3283350289,0.6735838458
John_Mayer-Comfortable.114,1,2,0.3290301151,0.6731961666
Bee_Gees-Emotions.170,1,2,0.3291093574,0.6730366488
John_Denver-Rocky_mountain_high.114,1,2,0.3293927742,0.6729208819
Sarah_Brightman-You_Take_My_Breath_Away.040,1,2,0.3292329248,0.6727707065
Deva_Premal-Rasa_Govindam.090,1,2,0.3290537497,0.672636728
Eric_Clapton-Let_It_Grow.058,1,2,0.329406993,0.6724789846
Bee_Gees-Emotions.142,1,2,0.3301517976,0.6721233893
Trooper-Oh_pretty_lady.160,1,2,0.3299960917,0.672112605
John_Lennon-Imagine.070,1,2,0.3302428669,0.6717096336
Al_Green-Lets_Stay_Together.124,1,2,0.3306654172,0.6715332719
Metallica-Fade_To_Black.016,1,2,0.3308352124,0.671059517
John_Lennon-Imagine.102,1,2,0.3312537837,0.6710260714
Foreigner-Waiting_For_A_Girl_Like_You.184,1,2,0.3306054023,0.6709063175
Foreigner-Waiting_For_A_Girl_Like_You.194,1,2,0.3319515535,0.6702123407
Bee_Gees-Emotions.138,1,2,0.3325515202,0.6698932781
Alicia_Keys-Fallin.30,1,2,0.3328716196,0.6695444678
The_Piano_Guys-Rolling_In_the_Deep.092,1,2,0.3326505699,0.6689716373
Metallica-One.122,1,2,0.3329342095,0.6688514882
Trooper-Oh_pretty_lady.198,1,2,0.3334049132,0.6685939771
AC_DC-Ride_On.024,1,2,0.3343734274,0.6676590551
Faith_Hill-There_Youll_Be.118,1,2,0.3341613582,0.6675735554
Burton_Cummings-Fine_State_Of_Affairs.174,1,2,0.3345572768,0.6675007296
Eric_Clapton-Wonderful_Tonight.022,1,2,0.3350352788,0.6672030845
Celine_Dion_and_Barbra_Streisand-Tell_him.182,1,2,0.3358949067,0.6658929856
Metallica-Fade_To_Black.112,1,2,0.3361236618,0.6657303298
John_Mayer-Daughters.044,1,2,0.3368492674,0.6650653032
Metallica-Fade_To_Black.100,1,2,0.3374290364,0.6644989072
John_Denver-Leaving_on_a_Jetplane.094,1,2,0.3377267737,0.664494423
The_Doors-The_End.118,1,2,0.3379214903,0.6644425488
John_Denver-Rocky_mountain_high.162,1,2,0.3385062238,0.663801228
Death_Angel-A_Room_With_A_View.200,1,2,0.3386666255,0.6635867793
Beatles-Yesterday.072,1,2,0.3391639103,0.6627738699
Carpenter-Close_to_you.196,1,2,0.339550511,0.6624390128
Bee_Gees-Too_Much_Heaven.106,1,2,0.3412197313,0.6609695466
Carpenter-Close_to_you.154,1,2,0.3421464283,0.6598449049
Dead_Kennedys-The_Prey.076,1,2,0.3425748149,0.6598196077
Bee_Gees-Emotions.154,1,2,0.3424699187,0.6595338247
Led_Zeppelin-Babe_Im_Gonna_Leave_You.040,1,2,0.3430950038,0.6591687829
John_Mayer-Gravity.076,1,2,0.3429389541,0.6591095978
Afroman-Because_I_Got_High.148,1,2,0.3436170587,0.6587890308
Al_Green-Lets_Stay_Together.114,1,2,0.3436431365,0.6583803848
Barbara_Streisand-Memory.118,1,2,0.3438173353,0.6583667197
John_Mayer-Daughters.162,1,2,0.3437461052,0.6581467624
John_Lennon-Imagine.104,1,2,0.3440917851,0.6579764072
Johann_Sebastian_Bach-Air_on_G_String.062,1,2,0.3443257633,0.6575928681
Stan_Gets-The_Girl_From_Ipanema.142,1,2,0.3445537257,0.6575070023
Sleep_Deeply-Twilight_Fades.078,1,2,0.3445419118,0.657438476
Barbra_Streisand_ft_Bee_Gees-Woman_in_Love.054,1,2,0.3444560556,0.6573349773
John_Mayer-Daughters.182,1,2,0.3451666995,0.6571612477
James_Blunt-Youre_Beautiful.072,1,2,0.3450379154,0.6567247573
Jimi_Hendrix-The_Wind_Cries_Mary.048,1,2,0.3463597116,0.6557354527
Pantera-Planet_Caravan.146,1,2,0.3464805794,0.6554085059
John_Lennon-Imagine.046,1,2,0.3472600476,0.6545697376
Zero_7-Spinning.064,1,2,0.3482576629,0.6538822098
Blue_Oyster_Cult-Dont_Fear_The_Reaper.102,1,2,0.3484911845,0.6535188188
Metallica-One.158,1,2,0.3495704615,0.6527535776
Christopher_Cross-Think_of_Laura.160,1,2,0.3499125901,0.6521191697
Andrea_Bocelli_ft_Jennifer_Lopez-Quizas_Quizas_Quizas.028,1,2,0.3501027152,0.6519236547
Rhiana-Diamonds.014,1,2,0.3494652313,0.6518057906
Suzanne_D_Mello-Slumdog_Millionaire_Latikas_Theme.106,1,2,0.3507303693,0.651588295
John_Mayer-Dreaming_With_A_Broken_Heart.086,1,2,0.351098347,0.6513543571
Metallica-Fade_To_Black.178,1,2,0.3510179563,0.6508449696
Metallica-Fade_To_Black.102,1,2,0.3518181326,0.6501635982
Celine_Dion_and_Barbra_Streisand-Tell_him.120,1,2,0.3521810302,0.6500490384
Stan_Gets-The_Girl_From_Ipanema.110,1,2,0.3522016848,0.6500294857
Deva_Premal-Devi_Prayer.078,1,2,0.3526912808,0.6494789783
Afroman-Because_I_Got_High.104,1,2,0.3527878883,0.6492576356
John_Lennon-Imagine.090,1,2,0.3529435882,0.6487988853
Christopher_Cross-Sailing.150,1,2,0.3531256849,0.6485788897
Deva_Premal-Homage_To_Krishna.182,1,2,0.3542139031,0.6480478004
Eric_Clapton-Tears_In_Heaven.074,1,2,0.3544136653,0.6475260897
Barbara_Streisand-The_Love_Inside.162,1,2,0.3554819058,0.6464397092
Beatles-Yesterday.032,1,2,0.3557438615,0.6463010683
Ron_Allen-Tao.150,1,2,0.356248369,0.6456589107
Randy_Vanwarmer-Just_When_I_needed_You_Most.198,1,2,0.3564201695,0.6455056776
Eric_Clapton-Wonderful_Tonight.116,1,2,0.3581476529,0.6441727851
Deva_Premal-Sammasati.076,1,2,0.3586660857,0.6437630406
Al_Green-Lets_Stay_Together.162,1,2,0.3590660544,0.6431898835
Suzanne_D_Mello-Slumdog_Millionaire_Latikas_Theme.092,1,2,0.359345141,0.6431261208
James_Blunt-Youre_Beautiful.116,1,2,0.3598666431,0.6424198848
Rhiana-Diamonds.114,1,2,0.3600196461,0.64148725
J_Holiday-Suffocate.154,1,2,0.3605966648,0.6412055224
Al_Green-Lets_Stay_Together.100,1,2,0.3615797668,0.6405161661
Led_Zeppelin-Babe_Im_Gonna_Leave_You.086,1,2,0.3624510886,0.6396751768
Faith_Hill-There_Youll_Be.054,1,2,0.3624235253,0.6395327494
Pantera-Planet_Caravan.008,1,2,0.3623425418,0.6394088666
Bread-Lost_Without_Your_Love.154,1,2,0.3628127391,0.6392027054
John_Mayer-Comfortable.094,1,2,0.3636113163,0.6387799675
John_Mayer-Daughters.184,1,2,0.363462739,0.6386281278
Stan_Gets-The_Girl_From_Ipanema.102,1,2,0.3638105041,0.6382773537
Enya-Only_Time_(Radio_Edit).102,1,2,0.3645578148,0.6377562383
Pantera-Planet_Caravan.050,1,2,0.3644930862,0.6376860973
Ron_Allen-Eternal.162,1,2,0.3643747669,0.6376293291
John_Mayer-Daughters.024,1,2,0.3653247712,0.6369526117
Metallica-Fade_To_Black.164,1,2,0.3653817899,0.63665374
Foreigner-I_Want_To_Know_What_Love_Is.094,1,2,0.3662302598,0.6360826841
Black_Sabbath-Changes.056,1,2,0.3662409133,0.6358314416
Bee_Gees-To_Love_Somebody.006,1,2,0.3664892546,0.6356727194
John_Mayer-Gravity.022,1,2,0.366404223,0.6353963578
Alan_Jackson-Remember_When.188,1,2,0.3668792701,0.6353594011
The_Piano_Guys-Rolling_In_the_Deep.094,1,2,0.3667414951,0.6353126899
Lil_Wayne-Lollipop.102,1,2,0.3669643912,0.6352974383
John_Denver-Leaving_on_a_Jetplane.132,1,2,0.3673676067,0.635040903
Pantera-Planet_Caravan.090,1,2,0.3675393842,0.6346645064
Al_Green-Lets_Stay_Together.014,1,2,0.3678328697,0.6342174117
Randy_Vanwarmer-Just_When_I_needed_You_Most.076,1,2,0.3685277042,0.6336440446
Burton_Cummings-Fine_State_Of_Affairs.090,1,2,0.3684692653,0.6335707298
Afroman-Because_I_Got_High.168,1,2,0.3685640472,0.6333827153
Zero_7-Spinning.042,1,2,0.368856068,0.6331318237
John_Mayer-Gravity.030,1,2,0.3694079033,0.6329764531
Eric_Clapton-Wonderful_Tonight.018,1,2,0.3692981,0.6328075476
Deva_Premal-Sammasati.062,1,2,0.369822774,0.6324477941
Sleep_Deeply-Gentle_Descent.120,1,2,0.3698846489,0.6324046098
Death_Angel-A_Room_With_A_View.094,1,2,0.369684628,0.6322183002
Enya-Only_Time_(Radio_Edit).162,1,2,0.3699208375,0.6321165404
Celine_Dion-The_Power_Of_Love.092,1,2,0.3700504168,0.6321089487
Foreigner-Waiting_For_A_Girl_Like_You.140,1,2,0.3699156565,0.6318325186
Metallica-One.116,1,2,0.3705008891,0.6312847155
Deva_Premal-Homage_To_Krishna.118,1,2,0.3710748496,0.6310049366
Enya-Only_Time_(Radio_Edit).142,1,2,0.3712775393,0.6309075451
Pantera-Planet_Caravan.184,1,2,0.3715563992,0.6306025361
Christopher_Cross-Sailing.026,1,2,0.371800213,0.630345016
Norah_Jones-Dont_Know_Why.166,1,2,0.3724874338,0.6296699994
John_Denver-Rocky_mountain_high.128,1,2,0.3734790933,0.6285684075
John_Mayer-Gravity.178,1,2,0.3734058087,0.6282342262
Led_Zeppelin-Babe_Im_Gonna_Leave_You.012,1,2,0.3739843011,0.6281857031
Metallica-Fade_To_Black.158,1,2,0.3742044804,0.6280107288
Deva_Premal-Homage_To_Krishna.116,1,2,0.3736523979,0.6279219755
Dan_Gibson-Waves_Of_Peace.164,1,2,0.3742440647,0.6276959995
J_Holiday-Suffocate.050,1,2,0.3739851498,0.6276859343
Barbara_Streisand-Memory.144,1,2,0.3749122415,0.6272119272
Pantera-Planet_Caravan.150,1,2,0.3749711982,0.6268100466
Foreigner-Waiting_For_A_Girl_Like_You.070,1,2,0.3750013972,0.626762541
Lil_Wayne-Lollipop.108,1,2,0.3753824571,0.6264205588
John_Denver-Leaving_on_a_Jetplane.098,1,2,0.3762258832,0.6261664335
Metallica-One.100,1,2,0.3757758785,0.6260535751
Sarah_McLachlan-I_Will_Remeber_You.042,1,2,0.3760389559,0.6257227497
Randy_Vanwarmer-Just_When_I_needed_You_Most.124,1,2,0.3763362486,0.6256866264
Jimi_Hendrix-The_Wind_Cries_Mary.064,1,2,0.3767445581,0.6251526272
Extreme-More_Than_Words.188,1,2,0.3770073068,0.6250238391
South_Park-Up_There.078,1,2,0.3773613375,0.6249263162
The_Doors-The_End.112,1,2,0.377061805,0.6249254789
Jimi_Hendrix-The_Wind_Cries_Mary.116,1,2,0.3776791076,0.6247957332
Blue_Oyster_Cult-Dont_Fear_The_Reaper.090,1,2,0.3779635621,0.6241645976
Metallica-Fade_To_Black.104,1,2,0.3786242339,0.6238720066
Phil_Collins-Against_All_Odds.104,1,2,0.3783923844,0.6235816351
Extreme-More_Than_Words.180,1,2,0.3787346274,0.6233760435
Bee_Gees-To_Love_Somebody.014,1,2,0.3790256173,0.6231705064
Maryaan-Netru_Aval_Irunthal_tamil.082,1,2,0.3796559814,0.6228049819
Celine_Dion_and_Barbra_Streisand-Tell_him.148,1,2,0.3795407423,0.6225106443
Al_Green-Lets_Stay_Together.186,1,2,0.3799983041,0.6223632882
Enya-Only_Time_(Radio_Edit).060,1,2,0.3797512774,0.6223143813
Deva_Premal-Om_Namo_Bhagavate.174,1,2,0.3806991339,0.6212345401
Red_Hot_Chilli_Peppers-Under_the_Bridge.088,1,2,0.3809873624,0.6210513492
Burton_Cummings-Break_It_To_Them_Gently.140,1,2,0.3814266174,0.6209638098
Metallica-Nothing_Else_Matters.162,1,2,0.3815761077,0.6207292794
Bee_Gees-Too_Much_Heaven.012,1,2,0.381664394,0.6205280984
Foreigner-I_Want_To_Know_What_Love_Is.192,1,2,0.3816836948,0.6205084039
Burton_Cummings-Fine_State_Of_Affairs.038,1,2,0.3814550667,0.6203038192
John_Denver-Take_Me_Home_Country_Roads.156,1,2,0.3824284012,0.619657549
Blue_Oyster_Cult-Dont_Fear_The_Reaper.062,1,2,0.3826331003,0.6196105145
Deva_Premal-Homage_To_Krishna.160,1,2,0.3828738676,0.619570014
Sleep_Deeply-An_Angels_Caress.190,1,2,0.3829582185,0.6190120334
Pink_Floyd-Dont_Leave_Me_Now.190,1,2,0.3832124233,0.6188998343
Sarah_Brightman-You_Take_My_Breath_Away.070,1,2,0.383144064,0.6188400233
John_Denver-Take_Me_Home_Country_Roads.124,1,2,0.3837577663,0.6186885466
Christopher_Cross-Sailing.082,1,2,0.383719618,0.6184470478
Enya-Only_Time_(Radio_Edit).116,1,2,0.3831688629,0.618170722
Deva_Premal-Om_Namo_Bhagavate.184,1,2,0.3835603589,0.6180907382
Sleep_Deeply-Gentle_Descent.056,1,2,0.3844701888,0.6178669841
Alan_Jackson-Remember_When.170,1,2,0.384756198,0.6176496477
Alan_Jackson-Remember_When.132,1,2,0.3850731543,0.6171792372
Deva_Premal-Om_Namo_Bhagavate.134,1,2,0.3851460555,0.6170562796
Trooper-Oh_pretty_lady.024,1,2,0.3852581018,0.6168827826
Deva_Premal-Rasa_Govindam.066,1,2,0.3853659147,0.6166145679
Maryaan-Netru_Aval_Irunthal_tamil.042,1,2,0.3866924264,0.6157066497
Bee_Gees-Emotions.200,1,2,0.3861731889,0.6155542993
John_Denver-Leaving_on_a_Jetplane.156,1,2,0.3867544853,0.6153243623
Cranberries-Linger.136,1,2,0.3871933655,0.6152020231
Christopher_Cross-Sailing.064,1,2,0.3871612983,0.6148945092
John_Lennon-Imagine.050,1,2,0.3873105371,0.6148177822
Al_Green-Lets_Stay_Together.020,1,2,0.3876687904,0.6143579123
Ron_Allen-Sky.100,1,2,0.3881590801,0.6138504886
John_Denver-Leaving_on_a_Jetplane.082,1,2,0.3886031035,0.6136844015
The_Piano_Guys-Rolling_In_the_Deep.098,1,2,0.388223734,0.6135546998
HD-Vellai_Pookal_(white_flowers).178,1,2,0.3887973865,0.6132643376
Carlos_Moska-Corcovado.032,1,2,0.3888859674,0.61323055
Celine_Dion-The_Power_Of_Love.084,1,2,0.3892472927,0.6129527396
HD-Vellai_Pookal_(white_flowers).014,1,2,0.3896586487,0.6125004904
Eric_Clapton-Tears_In_Heaven.128,1,2,0.3898332876,0.6124987341
Burton_Cummings-Fine_State_Of_Affairs.034,1,2,0.3896434102,0.6123972219
AC_DC-Ride_On.056,1,2,0.3896889522,0.6123936313
Stan_Gets-The_Girl_From_Ipanema.036,1,2,0.3896738462,0.612350622
Bee_Gees_ft_Celine_Dion-Unknown.082,1,2,0.3900838045,0.6122184089
Bee_Gees-Emotions.084,1,2,0.390873883,0.6110457961
AC_DC-Ride_On.062,1,2,0.3913375787,0.6109158247
Sleep_Deeply-Safe_And_Sound.114,1,2,0.3916479276,0.6109095429
Andrea_Bocelli_ft_Jennifer_Lopez-Quizas_Quizas_Quizas.026,1,2,0.391817143,0.610472509
Britt_Nicole-Through_the_Eyes_Of_Love.082,1,2,0.3919519841,0.6102026469
Metallica-One.144,1,2,0.3921177371,0.6098016535
Phil_Collins-Against_All_Odds.120,1,2,0.3922843329,0.6096409257
The_Police-Every_Breath_You_Take.022,1,2,0.3928766203,0.6093093137
Metallica-One.108,1,2,0.3935242645,0.6090413822
Al_Green-Lets_Stay_Together.084,1,2,0.3934358771,0.6088734307
The_Piano_Guys-A_Thousand_Years.112,1,2,0.3932353684,0.6087860229
Ron_Allen-Sky.042,1,2,0.3932718515,0.6086959373
Sarah_Brightman-You_Take_My_Breath_Away.104,1,2,0.3935751359,0.6086389046
Stan_Gets-The_Girl_From_Ipanema.156,1,2,0.3936999606,0.6086269
Bryan_Adams-Everything_I_Do_I_Do_It_For_You.170,1,2,0.3936673176,0.6082637093
Alan_Jackson-Remember_When.174,1,2,0.3942575529,0.6081650572
Deva_Premal-Sammasati.198,1,2,0.3937003003,0.6080703957
Deva_Premal-Om_Namo_Bhagavate.090,1,2,0.3948705108,0.6075602902
The_Piano_Guys-Arwens_Vigil.132,1,2,0.3949194301,0.6072704977
Rhiana-Diamonds.042,1,2,0.3945365325,0.607266713
Metallica-Nothing_Else_Matters.064,1,2,0.3947483918,0.6071227558
The_Police-Every_Breath_You_Take.010,1,2,0.3965533443,0.6060514794
Death_Angel-A_Room_With_A_View.046,1,2,0.3964045187,0.6056762516
Burton_Cummings-Break_It_To_Them_Gently.196,1,2,0.3970984284,0.6052366664
Christina_Perri-A_Thousand_Years_Live.082,1,2,0.3969555203,0.6051457188
John_Mayer-Slow_Dancing_in_a_Burning_Room.186,1,2,0.3975214624,0.6047944358
Christopher_Cross-Think_of_Laura.178,1,2,0.3975464192,0.6044412626
Amanda_Seyfried-Little_House.044,1,2,0.3983971862,0.6038947765
Eric_Clapton-Tears_In_Heaven.036,1,2,0.3984330614,0.6037538823
John_Lennon-Imagine.162,1,2,0.3988697118,0.6030078648
Al_Green-Lets_Stay_Together.046,1,2,0.3991849392,0.6028824443
John_Denver-Leaving_on_a_Jetplane.192,1,2,0.3992741685,0.6027825436
Andrea_Bocelli_ft_Christina_Aguilera_Somos_Novios.046,1,2,0.3994173566,0.6026267639
Bee_Gees-Emotions.040,1,2,0.4000077753,0.6024460845
Blue_Oyster_Cult-Dont_Fear_The_Reaper.052,1,2,0.3995933026,0.6021459242
Cranberries-Linger.168,1,2,0.4001135067,0.6020968822
Deva_Premal-Sammasati.098,1,2,0.3998302349,0.6020274958
Eric_Clapton-Let_It_Grow.168,1,2,0.4005205204,0.6019583619
Christopher_Cross-Sailing.196,1,2,0.4004261949,0.6019331964
Bee_Gees-Emotions.188,1,2,0.4005514115,0.6018766171
Christopher_Cross-Never_Be_The_Same.044,1,2,0.4002410122,0.6018119985
Eric_Clapton-Wonderful_Tonight.170,1,2,0.4004146691,0.6016376117
Faith_Hill-There_Youll_Be.026,1,2,0.4009605377,0.6012424959
John_Denver-Rocky_mountain_high.020,1,2,0.4012131612,0.6011008536
Norah_Jones-Dont_Know_Why.130,1,2,0.4013995046,0.6007688902
Extreme-More_Than_Words.068,1,2,0.4016169266,0.6007396945
The_Beatles-Lucy_In_The_Sky_With_Diamonds.104,1,2,0.4020034807,0.6002310929
Lil_Wayne-Lollipop.128,1,2,0.4023432571,0.6001152466
Red_Hot_Chilli_Peppers-Under_the_Bridge.164,1,2,0.4025746923,0.5996729557
Burton_Cummings-Fine_State_Of_Affairs.032,1,2,0.4034163122,0.5988316553
Metallica-Fade_To_Black.168,1,2,0.4034557932,0.5986705022
Andrea_Bocelli_ft_Christina_Aguilera_Somos_Novios.074,1,2,0.4039129909,0.5982666587
Red_Hot_Chilli_Peppers-Under_the_Bridge.166,1,2,0.4051541132,0.5970181726
Led_Zeppelin-Thank_You.092,1,2,0.4052518804,0.5969323665
Deva_Premal-Rasa_Govindam.178,1,2,0.4050377017,0.5969195267
Eric_Clapton-Wonderful_Tonight.098,1,2,0.4048491324,0.5968891407
Ron_Allen-Be.156,1,2,0.4060262413,0.5962183589
Metallica-Fade_To_Black.186,1,2,0.4065167298,0.5959758819
Bee_Gees-Emotions.150,1,2,0.4069612771,0.5953353191
Faith_Hill-There_Youll_Be.130,1,2,0.4068031878,0.5952002216
Rhiana-Diamonds.010,1,2,0.4075938624,0.5948337208
AC_DC-Ride_On.064,1,2,0.4073736799,0.5947821215
John_Denver-Rocky_mountain_high.180,1,2,0.4074158336,0.5947505819
Jimi_Hendrix-The_Wind_Cries_Mary.054,1,2,0.407216309,0.5946775174
Christopher_Cross-Sailing.076,1,2,0.4076666068,0.5946456686
James_Blunt-Youre_Beautiful.172,1,2,0.4082378569,0.5942146346
Faith_Hill-There_Youll_Be.042,1,2,0.4082177623,0.5940047862
Eric_Clapton-Wonderful_Tonight.100,1,2,0.4081820624,0.5938344056
Eric_Clapton-Wonderful_Tonight.108,1,2,0.4089453335,0.5933275157
Ron_Allen-Wisdom.146,1,2,0.4088853919,0.5932258532
Celine_Dion-The_Power_Of_Love.188,1,2,0.4086570222,0.593112733
John_Denver-Leaving_on_a_Jetplane.102,1,2,0.4092208163,0.5930563623
Deva_Premal-Homage_To_Krishna.150,1,2,0.4097656426,0.5929576721
Divinity-Third_Awakening.030,1,2,0.4092250626,0.5929221814
Christopher_Cross-Never_Be_The_Same.148,1,2,0.4092734116,0.5928855061
Afroman-Because_I_Got_High.080,1,2,0.4100266192,0.5927623179
Barbra_Streisand_ft_Bee_Gees-Woman_in_Love.170,1,2,0.4095352547,0.5924782843
Amy_Winehouse-All_my_lovin.054,1,2,0.4100434337,0.5922827417
Eric_Clapton-Wonderful_Tonight.178,1,2,0.4100057311,0.5921708125
J_Holiday-Suffocate.106,1,2,0.4106324278,0.591486117
Christopher_Cross-Sailing.200,1,2,0.4106983282,0.5913635639
Bee_Gees-Emotions.102,1,2,0.4108936472,0.5911108901
Little_River_Band-Reminiscing.010,1,2,0.4111314641,0.5909338233
The_Piano_Guys-Rolling_In_the_Deep.108,1,2,0.4114590016,0.5906163125
Burton_Cummings-Fine_State_Of_Affairs.052,1,2,0.4117823309,0.5903084418
Burton_Cummings-Fine_State_Of_Affairs.072,1,2,0.4118315776,0.590241228
Eric_Clapton-Wonderful_Tonight.126,1,2,0.412498827,0.5898667329
Randy_Vanwarmer-Just_When_I_needed_You_Most.176,1,2,0.4124273529,0.5896605374
Barbara_Streisand-Memory.126,1,2,0.4126086969,0.5893124463
Foreigner-Waiting_For_A_Girl_Like_You.132,1,2,0.4130760301,0.5890518308
Alan_Jackson-Remember_When.118,1,2,0.4137638867,0.5886601192
Norah_Jones-Come_Away_with_Me.036,1,2,0.414229844,0.5882714048
John_Lennon-Imagine.136,1,2,0.4143257651,0.5882466866
Ron_Allen-Kindness.112,1,2,0.4140175877,0.5881861926
Led_Zeppelin-Babe_Im_Gonna_Leave_You.036,1,2,0.4143315815,0.5879807605
Metallica-One.084,1,2,0.4140549893,0.5879325805
Boston-Livin_for_You.078,1,2,0.4140561153,0.5877937136
Deva_Premal-Sammasati.196,1,2,0.4151408409,0.5873480027
John_Lennon-Imagine.078,1,2,0.4153051952,0.5870448901
James_Blunt-Youre_Beautiful.132,1,2,0.4160593161,0.5861210674
Led_Zeppelin-Thank_You.054,1,2,0.4165776028,0.5859206347
Christopher_Cross-Sailing.182,1,2,0.4165625808,0.585728898
Red_Hot_Chilli_Peppers-Under_the_Bridge.126,1,2,0.4166600575,0.5856043075
Faith_Hill-There_Youll_Be.134,1,2,0.4168034693,0.5852829216
Dan_Gibson-Moonrise.168,1,2,0.4169331377,0.5851526041
Christopher_Cross-Think_of_Laura.130,1,2,0.4170128085,0.5851249568
Burton_Cummings-Fine_State_Of_Affairs.028,1,2,0.4170245015,0.5850579628
Foreigner-Waiting_For_A_Girl_Like_You.018,1,2,0.4175882894,0.5850152443
The_Doors-The_End.182,1,2,0.4171507402,0.5846695668
Pantera-Planet_Caravan.128,1,2,0.4178700542,0.5846363258
Burton_Cummings-Fine_State_Of_Affairs.162,1,2,0.4189643532,0.5834731982
Amy_Winehouse-All_my_lovin.102,1,2,0.419087822,0.5832183925
Foreigner-Waiting_For_A_Girl_Like_You.166,1,2,0.4195434098,0.5827324093
Eric_Clapton-Wonderful_Tonight.186,1,2,0.4201493118,0.5823875008
Chicago-Youre_The_Inspiration.046,1,2,0.4202804388,0.5822435765
John_Mayer-Comfortable.098,1,2,0.420223493,0.5821933708
Barbra_Streisand_ft_Bee_Gees-Woman_in_Love.072,1,2,0.4200272993,0.5821253069
Britt_Nicole-Through_the_Eyes_Of_Love.080,1,2,0.4201338209,0.5819941866
Sarah_McLachlan-I_Will_Remeber_You.046,1,2,0.4204388414,0.5814012664
Cranberries-Linger.098,1,2,0.4210620762,0.5813300763
Celine_Dion-The_Power_Of_Love.160,1,2,0.4204046894,0.5811948905
J_Holiday-Suffocate.178,1,2,0.4207879709,0.5811140594
Led_Zeppelin-Kashmir.032,1,2,0.4212614607,0.5809105363
Led_Zeppelin-Babe_Im_Gonna_Leave_You.044,1,2,0.4213815872,0.5808549065
Celine_Dion-The_Power_Of_Love.168,1,2,0.4213433986,0.5805988553
Zero_7-Spinning.078,1,2,0.4212661155,0.5804628408
Christopher_Cross-Never_Be_The_Same.124,1,2,0.4216212777,0.5803968257
Enya-Only_Time_(Radio_Edit).092,1,2,0.4218085498,0.5803351314
Blake_Shelton-Home.032,1,2,0.4221316129,0.5802261094
Pantera-Planet_Caravan.060,1,2,0.4225746056,0.5793715228
Metallica-Nothing_Else_Matters.112,1,2,0.4234527549,0.5787602849
Amanda_Seyfried-Little_House.108,1,2,0.423612211,0.5787517872
Metallica-Orion.054,1,2,0.4234247134,0.5785889158
John_Denver-Leaving_on_a_Jetplane.052,1,2,0.4239104343,0.5784861781
Al_Green-Lets_Stay_Together.016,1,2,0.4242645475,0.5781155926
Zero_7-Spinning.086,1,2,0.4243282879,0.577993937
Jimi_Hendrix-The_Wind_Cries_Mary.038,1,2,0.4239289243,0.5777891453
Death_Angel-A_Room_With_A_View.086,1,2,0.4242765139,0.5777614779
John_Lennon-Imagine.040,1,2,0.4245913302,0.5777467305
Barbara_Streisand-Memory.134,1,2,0.424595383,0.5775688804
Sarah_Brightman-You_Take_My_Breath_Away.088,1,2,0.4253877551,0.5768394906
Deva_Premal-Homage_To_Krishna.178,1,2,0.425000712,0.5766598644
Foreigner-I_Want_To_Know_What_Love_Is.096,1,2,0.4254945986,0.5763332712
Boston-Livin_for_You.044,1,2,0.4260214067,0.5761077232
Pink_Floyd-Dont_Leave_Me_Now.142,1,2,0.4267923683,0.5753380932
Bee_Gees-To_Love_Somebody.070,1,2,0.4271536284,0.5751600123
John_Denver-Rocky_mountain_high.094,1,2,0.4269255556,0.5751577387
Eric_Clapton-Wonderful_Tonight.054,1,2,0.4273636129,0.5751283044
Bee_Gees-Too_Much_Heaven.190,1,2,0.427095598,0.5748888933
Eric_Clapton-Tears_In_Heaven.130,1,2,0.4272982634,0.5746169321
Celine_Dion-The_Power_Of_Love.062,1,2,0.4278504703,0.5744652997
Eric_Carmen-All_By_Myself.102,1,2,0.4277110623,0.5744607233
Jimi_Hendrix-The_Wind_Cries_Mary.186,1,2,0.4280528193,0.5742579114
Deva_Premal-Homage_To_Krishna.076,1,2,0.4277098238,0.5741088892
John_Denver-Take_Me_Home_Country_Roads.078,1,2,0.428293477,0.5737935178
Jimi_Hendrix-The_Wind_Cries_Mary.192,1,2,0.4287036262,0.5734684302
Bread-Lost_Without_Your_Love.160,1,2,0.4289620906,0.5732361299
Maryaan-Netru_Aval_Irunthal_tamil.186,1,2,0.4291257108,0.5731773091
Eric_Clapton-Wonderful_Tonight.174,1,2,0.4295945843,0.5727350579
The_Alan_Parsons_Project-Time.40,1,2,0.4293906915,0.5725414772
John_Denver-Leaving_on_a_Jetplane.062,1,2,0.4306509821,0.571745629
Afroman-Because_I_Got_High.054,1,2,0.4305356573,0.5714684503
Foreigner-Waiting_For_A_Girl_Like_You.096,1,2,0.4312661582,0.5707864964
Lil_Wayne-Lollipop.060,1,2,0.4318118386,0.5696904388
Extreme-More_Than_Words.012,1,2,0.4331754841,0.5688762304
Jimi_Hendrix-The_Wind_Cries_Mary.164,1,2,0.4330812191,0.5686692528
Enya-Only_Time_(Radio_Edit).068,1,2,0.4335634375,0.568505527
Lil_Wayne-Lollipop.036,1,2,0.4345023792,0.5680748402
Led_Zeppelin-Babe_Im_Gonna_Leave_You.074,1,2,0.4343790752,0.5678406539
Enya-Fairytale.110,1,2,0.4349364528,0.5672383098
Eric_Clapton-Let_It_Grow.088,1,2,0.4352272708,0.5670954912
John_Denver-Rocky_mountain_high.086,1,2,0.4352808234,0.5669989579
John_Mayer-Daughters.154,1,2,0.4353975305,0.5668222312
John_Mayer-Daughters.042,1,2,0.4355334351,0.5666661127
Chicago-Youre_The_Inspiration.116,1,2,0.4354346415,0.5665367219
Beatles-Yesterday.018,1,2,0.4359062731,0.5662725422
Andrea_Bocelli_ft_Christina_Aguilera_Somos_Novios.058,1,2,0.4360964268,0.566137687
Faith_Hill-There_Youll_Be.086,1,2,0.4361827471,0.5657485934
John_Lennon-Imagine.128,1,2,0.4363732839,0.5654629486
Al_Green-Lets_Stay_Together.170,1,2,0.4373943451,0.564980661
Barbra_Streisand_ft_Bee_Gees-Woman_in_Love.158,1,2,0.4376254832,0.5645701541
Schumann_ Kinderszenen-Op_15_Foreign_Countries_and_People.060,1,2,0.4378122699,0.5643935063
Barbara_Streisand-Memory.030,1,2,0.4377037469,0.5641761687
Lil_Wayne-Lollipop.126,1,2,0.4387718235,0.5634500477
Deva_Premal-Om_Namo_Bhagavate.168,1,2,0.4395311538,0.5628893684
Bee_Gees-Too_Much_Heaven.182,1,2,0.4399968766,0.5622453095
Foreigner-I_Want_To_Know_What_Love_Is.116,1,2,0.4394790339,0.5621354434
Deva_Premal-Sammasati.054,1,2,0.440353909,0.5615735793
J_Holiday-Suffocate.176,1,2,0.4411990341,0.5614144443
Barbra_Streisand_ft_Bee_Gees-Woman_in_Love.130,1,2,0.4408134145,0.5613501932
John_Denver-Leaving_on_a_Jetplane.164,1,2,0.4419364483,0.5605308783
John_Denver-Rocky_mountain_high.144,1,2,0.4420076713,0.5605221872
John_Denver-Leaving_on_a_Jetplane.076,1,2,0.4423225432,0.5598924388
Ron_Allen-Eternal.168,1,2,0.4426507505,0.5597079874
Metallica-Nothing_Else_Matters.072,1,2,0.4423690976,0.5597063166
Pink_Floyd-Hey_You.108,1,2,0.4426478052,0.559514829
Deva_Premal-Sammasati.172,1,2,0.4428618366,0.5593034282
J_Holiday-Suffocate.144,1,2,0.4426445194,0.5590975521
Barbra_Streisand_ft_Bee_Gees-Woman_in_Love.042,1,2,0.4433029412,0.5588453326
Pantera-Planet_Caravan.170,1,2,0.4438313687,0.558652533
John_Denver-Rocky_mountain_high.190,1,2,0.4434467954,0.5585447983
Christopher_Cross-Sailing.136,1,2,0.4435443461,0.5585311328
Lil_Wayne-Lollipop.114,1,2,0.4436528228,0.5585053679
Metallica-One.064,1,2,0.4438695045,0.5583271708
Sarah_Brightman-You_Take_My_Breath_Away.078,1,2,0.4444964681,0.5576605034
Christopher_Cross-Sailing.172,1,2,0.4450676697,0.5572289023
Amy_Winehouse-All_my_lovin.056,1,2,0.4453211178,0.5569638494
The_Piano_Guys-Arwens_Vigil.060,1,2,0.4461983998,0.5562989239
James_Blunt-Youre_Beautiful.060,1,2,0.4455456371,0.5562929738
Foreigner-I_Want_To_Know_What_Love_Is.106,1,2,0.4464549592,0.5560442919
Pink_Floyd-Dont_Leave_Me_Now.106,1,2,0.4463546201,0.5558266251
Enya-Fairytale.096,1,2,0.4481811929,0.5540568078
Pink_Floyd-Us_And_Them.100,1,2,0.4482227963,0.5539859903
Deva_Premal-Sammasati.060,1,2,0.4490746632,0.5534637902
Eric_Clapton-Let_It_Grow.116,1,2,0.4487184619,0.5533977645
Deva_Premal-Devi_Prayer.146,1,2,0.4490332815,0.5532663751
Pantera-Planet_Caravan.048,1,2,0.4495048978,0.5530665598
Rhiana-Diamonds.116,1,2,0.449451474,0.5528363979
John_Denver-Rocky_mountain_high.134,1,2,0.4497392779,0.5528261083
Deva_Premal-Rasa_Govindam.172,1,2,0.4495149278,0.5528095708
Burton_Cummings-Fine_State_Of_Affairs.058,1,2,0.4499045678,0.5523893639
Bee_Gees-Emotions.112,1,2,0.4501131735,0.5522123038
John_Lennon-Imagine.170,1,2,0.4502032242,0.5519853358
Ron_Allen-Sky.090,1,2,0.4504008255,0.5517637415
Ron_Allen-Wisdom.162,1,2,0.4506668534,0.551425335
John_Mayer-Gravity.068,1,2,0.4510030803,0.5510939818
Christopher_Cross-Never_Be_The_Same.136,1,2,0.4510701875,0.5509841076
Barbara_Streisand-Memory.014,1,2,0.4515105249,0.5508039222
Creed-With_Arms_Wide_Open.138,1,2,0.4512950238,0.550597155
John_Denver-Rocky_mountain_high.040,1,2,0.4520457822,0.5504975347
Metallica-Nothing_Else_Matters.114,1,2,0.4526348275,0.5498805649
Jimmy_Buffet-Margaritaville.000,1,2,0.4525441526,0.5495108344
Barbara_Streisand-Memory.050,1,2,0.4526573913,0.5493916104
Foreigner-I_Want_To_Know_What_Love_Is.142,1,2,0.4529518898,0.5493601892
Eric_Clapton-Wonderful_Tonight.134,1,2,0.4532759469,0.5490879926
Trooper-Oh_pretty_lady.032,1,2,0.4534714744,0.5488914516
Al_Green-Lets_Stay_Together.072,1,2,0.4536707768,0.5484810282
Metallica-One.194,1,2,0.4540506061,0.5482087013
Metallica-Nothing_Else_Matters.104,1,2,0.4547171269,0.5475254547
Barbara_Streisand-Memory.132,1,2,0.4548693389,0.5474568706
John_Lennon-Imagine.086,1,2,0.4554095362,0.5471966011
John_Mayer-Gravity.180,1,2,0.4552844328,0.5468828087
John_Mayer-Gravity.184,1,2,0.455039421,0.5467501591
Christopher_Cross-Sailing.024,1,2,0.4560318815,0.5463799478
Lil_Wayne-Lollipop.158,1,2,0.455946183,0.5463020595
Trooper-Oh_pretty_lady.080,1,2,0.4560300596,0.5461897404
Ron_Allen-Sky.102,1,2,0.4569410896,0.5453116013
Celine_Dion-Its_All_Coming_Back_To_Me_Now.046,1,2,0.4571154408,0.545171086
Bee_Gees-Too_Much_Heaven.146,1,2,0.457171422,0.5450667985
Red_Hot_Chilli_Peppers-Under_the_Bridge.152,1,2,0.4576940854,0.5448621251
Beatles-Yesterday.118,1,2,0.4576428414,0.5446344474
Barbra_Streisand_ft_Bee_Gees-Woman_in_Love.084,1,2,0.4575412975,0.5446198187
Amy_Winehouse-All_my_lovin.066,1,2,0.4576923531,0.5446008829
John_Mayer-Dreaming_With_A_Broken_Heart.144,1,2,0.4575590822,0.5445841422
Black_Sabbath-Changes.066,1,2,0.4580844315,0.5442922155
Deva_Premal-Devi_Prayer.116,1,2,0.4581385924,0.544125974
Deva_Premal-Homage_To_Krishna.194,1,2,0.4583362691,0.5440618908
Beatles-Blackbird.044,1,2,0.4581304363,0.5440353455
Sarah_Brightman-Figlio_Perduto.192,1,2,0.4585048522,0.5440310399
Pantera-Planet_Caravan.190,1,2,0.4584858224,0.5439040539
Eric_Clapton-Tears_In_Heaven.152,1,2,0.4583711754,0.5437724629
Lil_Wayne-Lollipop.056,1,2,0.4587188048,0.5435965825
Deva_Premal-Devi_Prayer.114,1,2,0.4587040202,0.5435665761
Extreme-More_Than_Words.010,1,2,0.4591922091,0.543300067
Foreigner-I_Want_To_Know_What_Love_Is.008,1,2,0.4585384548,0.5432997254
Foreigner-Waiting_For_A_Girl_Like_You.102,1,2,0.4590467606,0.5432959617
Enya-May_it_Be.090,1,2,0.4592262095,0.5430777212
Pink_Floyd-Dont_Leave_Me_Now.174,1,2,0.459578457,0.5429913485
Christopher_Cross-Think_of_Laura.100,1,2,0.459388919,0.5429390802
John_Mayer-Dreaming_With_A_Broken_Heart.148,1,2,0.4589778748,0.5429158122
Metallica-Fade_To_Black.072,1,2,0.459481619,0.5428151672
Dan_Gibson-Paradise_Revealed.184,1,2,0.4595221817,0.5427484669
Dan_Gibson-Moonrise.192,1,2,0.4596390548,0.5426160433
Blake_Shelton-Home.088,1,2,0.4598535477,0.5424167785
Dan_Gibson-The_Gentle_Path.170,1,2,0.4602148866,0.5418476099
Celine_Dion_and_Barbra_Streisand-Tell_him.146,1,2,0.4602827307,0.5418184386
Andrea_Bocelli_ft_Christina_Aguilera_Somos_Novios.076,1,2,0.4609524073,0.5415301782
Foreigner-I_Want_To_Know_What_Love_Is.130,1,2,0.4602655548,0.5413788389
John_Mayer-Dreaming_With_A_Broken_Heart.102,1,2,0.4623696986,0.5402671533
Deva_Premal-Rasa_Govindam.128,1,2,0.4620512219,0.5402155578
Little_River_Band-Reminiscing.054,1,2,0.4622781878,0.5400498624
John_Mayer-Daughters.150,1,2,0.4627824757,0.5396788943
Sarah_Brightman-You_Take_My_Breath_Away.090,1,2,0.4629474099,0.539447848
Blue_Oyster_Cult-Dont_Fear_The_Reaper.104,1,2,0.4630500505,0.53908229
Divinity-Inside_a_Cocoon.200,1,2,0.4635922392,0.5390368193
John_Lennon-Imagine.042,1,2,0.4630466071,0.5389955635
Christopher_Cross-Never_Be_The_Same.048,1,2,0.4634516129,0.5389201814
Pantera-Planet_Caravan.110,1,2,0.4633422656,0.5388272901
Death_Angel-A_Room_With_A_View.026,1,2,0.4640115731,0.5381400969
Pink_Floyd-Hey_You.194,1,2,0.4640146855,0.5379718765
Deva_Premal-Rasa_Govindam.168,1,2,0.464453764,0.537961289
Dan_Gibson-The_Gentle_Path.172,1,2,0.4645814396,0.5375857585
Sleep_Deeply-Safe_And_Sound.096,1,2,0.4650868185,0.5375080892
Eric_Carmen-All_By_Myself.104,1,2,0.4651493662,0.5373092266
Eric_Clapton-Wonderful_Tonight.144,1,2,0.4655301987,0.5370178662
Metallica-Fade_To_Black.034,1,2,0.4654048029,0.5368763045
Bee_Gees-Emotions.156,1,2,0.4652169992,0.5368556461
Led_Zeppelin-Thank_You.114,1,2,0.4655471921,0.5365841208
Ron_Allen-Sky.030,1,2,0.4658519315,0.5365176586
Pantera-Planet_Caravan.192,1,2,0.4658254616,0.5362883286
J_Holiday-Suffocate.092,1,2,0.4656452065,0.5359591693
Bee_Gees-To_Love_Somebody.138,1,2,0.4664045148,0.5358577184
Celine_Dion_and_Barbra_Streisand-Tell_him.140,1,2,0.4665342468,0.5358074876
Black_Sabbath-Changes.064,1,2,0.4664096721,0.5357580347
Barbra_Streisand_ft_Bee_Gees-Woman_in_Love.164,1,2,0.4666955438,0.5356022256
Sarah_Brightman-Ave_Maria_di_Gounod.090,1,2,0.4669720763,0.5355329784
Sarah_Brightman-You_Take_My_Breath_Away.098,1,2,0.4671296901,0.5350523445
Andrea_Bocelli_ft_Christina_Aguilera_Somos_Novios.050,1,2,0.4684093258,0.5340905188
AC_DC-Ride_On.008,1,2,0.4682876453,0.5340845861
Deva_Premal-Sammasati.056,1,2,0.4681916845,0.5340135678
Blue_Oyster_Cult-Dont_Fear_The_Reaper.122,1,2,0.4682815093,0.5339571229
Bee_Gees-Too_Much_Heaven.026,1,2,0.4682693317,0.5337270953
Celine_Dion_and_Barbra_Streisand-Tell_him.180,1,2,0.4688228037,0.5336840389
Christopher_Cross-Never_Be_The_Same.186,1,2,0.4687429898,0.533364649
Bee_Gees-How_Deep_Is_Your_Love.160,1,2,0.4690135153,0.5330470356
Bee_Gees-Emotions.126,1,2,0.4698689298,0.5322469158
Ron_Allen-Sky.118,1,2,0.4700382528,0.5321850981
Foreigner-Waiting_For_A_Girl_Like_You.032,1,2,0.4707512188,0.5316790517
Pantera-Planet_Caravan.032,1,2,0.4705430619,0.5315801264
Deva_Premal-Sammasati.154,1,2,0.4711717333,0.5310674614
Al_Green-Lets_Stay_Together.182,1,2,0.4713536582,0.5308598645
Stan_Gets-The_Girl_From_Ipanema.056,1,2,0.4716246361,0.5308309148
Deva_Premal-Om_Namo_Bhagavate.160,1,2,0.4715399404,0.5307668116
Blake_Shelton-Home.056,1,2,0.4715680712,0.5307404516
Phil_Collins-Against_All_Odds.100,1,2,0.4715625245,0.5305063931
Pantera-Planet_Caravan.156,1,2,0.471848653,0.5303785773
Christopher_Cross-Never_Be_The_Same.036,1,2,0.4718092978,0.5303367231
Norah_Jones-Dont_Know_Why.026,1,2,0.4724231237,0.5296317121
Led_Zeppelin-Thank_You.120,1,2,0.4730378571,0.5293541626
Death_Angel-A_Room_With_A_View.106,1,2,0.4737220388,0.5287903739
Led_Zeppelin-Tangerine.108,1,2,0.4736695505,0.5287014554
Burton_Cummings-Fine_State_Of_Affairs.104,1,2,0.4740549756,0.5281581911
Eric_Carmen-All_By_Myself.184,1,2,0.4744717289,0.5276851133
John_Lennon-Imagine.074,1,2,0.4749851008,0.5275815774
Testament-The_Ballad.188,1,2,0.4749054073,0.527223683
John_Mayer-Daughters.166,1,2,0.4746415138,0.5272094102
Maryaan-Netru_Aval_Irunthal_tamil.036,1,2,0.4749553141,0.5272011322
Sarah_McLachlan-I_Will_Remeber_You.078,1,2,0.4751423413,0.5269997626
Sleep_Deeply-Twilight_Fades.156,1,2,0.4758907137,0.5262932186
Pantera-Planet_Caravan.108,1,2,0.4764761632,0.5259383064
Bee_Gees-Too_Much_Heaven.080,1,2,0.477171291,0.5250660601
John_Lennon-Imagine.038,1,2,0.4772532188,0.5250503374
The_Beatles-Lucy_In_The_Sky_With_Diamonds.102,1,2,0.4775742223,0.5246709343
Zero_7-Spinning.092,1,2,0.478032311,0.5243147592
James_Blunt-Youre_Beautiful.148,1,2,0.4784527291,0.5239680935
Deva_Premal-Rasa_Govindam.134,1,2,0.4787926376,0.5239396115
Al_Green-Lets_Stay_Together.082,1,2,0.4782217313,0.5238597948
Faith_Hill-There_Youll_Be.092,1,2,0.4784629845,0.5236801141
Metallica-Fade_To_Black.090,1,2,0.479023008,0.5235866247
Red_Hot_Chilli_Peppers-Under_the_Bridge.032,1,2,0.4786360572,0.5235168709
Barbara_Streisand-Memory.012,1,2,0.4787369822,0.5234605959
Pink_Floyd-Sorrow.120,1,2,0.4787878831,0.5232763394
Bee_Gees-Emotions.016,1,2,0.478795708,0.5229702691
John_Mayer-Gravity.070,1,2,0.4798666598,0.5227615078
Christopher_Cross-Sailing.154,1,2,0.4800100233,0.5227160141
Eric_Clapton-Tears_In_Heaven.140,1,2,0.479850158,0.5223896193
Celine_Dion-I_surrender.052,1,2,0.4802549826,0.5220306488
Bee_Gees-How_Deep_Is_Your_Love.184,1,2,0.4803533532,0.5218496538
Jimi_Hendrix-The_Wind_Cries_Mary.024,1,2,0.4801223487,0.5217081155
Bee_Gees-To_Love_Somebody.066,1,2,0.4816951719,0.5207495358
Burton_Cummings-Fine_State_Of_Affairs.124,1,2,0.4819378931,0.520418679
Chicago-Hard_Habit_To_Break.116,1,2,0.4819229777,0.5203024485
John_Mayer-Daughters.010,1,2,0.4822281834,0.5201749623
Jimmy_Buffet-Margaritaville.048,1,2,0.4824328957,0.5201614
Alan_Jackson-Remember_When.112,1,2,0.482308213,0.5199129593
Randy_Rhodes-Dee.014,1,2,0.4828320569,0.5196060841
Metallica-One.102,1,2,0.4824025296,0.5194722747
Boston-Livin_for_You.046,1,2,0.4831447976,0.5191830769
John_Mayer-Dreaming_With_A_Broken_Heart.100,1,2,0.4823601744,0.5191162837
Enya-Only_Time_(Radio_Edit).032,1,2,0.4835668404,0.5186102181
Ron_Allen-Eternal.078,1,2,0.4839481858,0.5185564316
Chicago-Youre_The_Inspiration.078,1,2,0.4837825265,0.5183757325
Jimi_Hendrix-The_Wind_Cries_Mary.140,1,2,0.4847116,0.5176876189
Stan_Gets-The_Girl_From_Ipanema.044,1,2,0.4849486895,0.5176469325
Stan_Gets-The_Girl_From_Ipanema.060,1,2,0.4846625918,0.5176357786
Afroman-Because_I_Got_High.030,1,2,0.4850662909,0.5174560169
Al_Green-Lets_Stay_Together.060,1,2,0.4848231615,0.5172718519
Blake_Shelton-Home.106,1,2,0.4861914426,0.5164676078
Red_Hot_Chilli_Peppers-Under_the_Bridge.092,1,2,0.4858579045,0.5164396519
John_Lennon-Imagine.174,1,2,0.4855826881,0.5164337273
Pantera-Planet_Caravan.002,1,2,0.4859347697,0.5161920605
Christopher_Cross-Think_of_Laura.090,1,2,0.4864690316,0.5155868151
Randy_Vanwarmer-Just_When_I_needed_You_Most.182,1,2,0.4869789146,0.5154967897
Norah_Jones-Dont_Know_Why.054,1,2,0.4868249427,0.5154181484
John_Mayer-Comfortable.194,1,2,0.487403151,0.5150581128
Burton_Cummings-Break_It_To_Them_Gently.156,1,2,0.4872389436,0.5149805072
Deva_Premal-Rasa_Govindam.084,1,2,0.4875298577,0.5146931676
Metallica-Fade_To_Black.162,1,2,0.4873279433,0.5145553002
Blake_Shelton-Home.108,1,2,0.4877030045,0.5144519963
Andrea_Bocelli_ft_Christina_Aguilera_Somos_Novios.064,1,2,0.4879288804,0.5143953992
James_Blunt-Youre_Beautiful.142,1,2,0.4879906461,0.5140316214
Creed-With_Arms_Wide_Open.018,1,2,0.4882753855,0.5139236603
Pantera-Planet_Caravan.036,1,2,0.488798958,0.5137225359
Barbara_Streisand-Memory.010,1,2,0.4886863944,0.5136908488
Burton_Cummings-Fine_State_Of_Affairs.036,1,2,0.4889051195,0.5135488121
Johann_Sebastian_Bach-Air_on_G_String.042,1,2,0.4890034314,0.5135260831
Eric_Clapton-Tears_In_Heaven.190,1,2,0.4890777382,0.5131411552
Eric_Clapton-Let_It_Grow.102,1,2,0.4890861013,0.5130567277
Blue_Oyster_Cult-Dont_Fear_The_Reaper.146,1,2,0.4893583251,0.5130427487
Bee_Gees-Emotions.014,1,2,0.4895711869,0.5124302116
Johann_Sebastian_Bach-Air_on_G_String.152,1,2,0.4899123297,0.5123090666
Foreigner-I_Want_To_Know_What_Love_Is.196,1,2,0.4899534395,0.5119580659
Divinity-Second_Awakening.140,1,2,0.4904983055,0.5119456358
Lil_Wayne-Lollipop.174,1,2,0.4905098263,0.5113222298
John_Denver-Leaving_on_a_Jetplane.154,1,2,0.4912318923,0.511095663
Bee_Gees-To_Love_Somebody.000,1,2,0.4913696585,0.5109441454
Lil_Wayne-Lollipop.048,1,2,0.4920080378,0.5105746911
Foreigner-I_Want_To_Know_What_Love_Is.032,1,2,0.4921115174,0.5104209255
Bee_Gees-Emotions.110,1,2,0.4925376014,0.5099536658
The_Doors-The_End.172,1,2,0.4926279877,0.5099425958
James_Blunt-Youre_Beautiful.130,1,2,0.4922799361,0.5099004575
Deuter-Aura.122,1,2,0.4925302898,0.509878534
Little_River_Band-Reminiscing.042,1,2,0.4929559772,0.5090337469
Maryaan-Netru_Aval_Irunthal_tamil.054,1,2,0.4927547592,0.5090098172
Deva_Premal-Sammasati.106,1,2,0.493109448,0.5089002799
Bee_Gees-To_Love_Somebody.002,1,2,0.4938090594,0.5085996904
Beatles-Yesterday.074,1,2,0.4937741315,0.508536382
Dead_Kennedys-The_Prey.112,1,2,0.4938293961,0.5080366917
Dead_Kennedys-The_Prey.080,1,2,0.4944392928,0.508009056
Cranberries-Linger.078,1,2,0.4942708283,0.5079877605
John_Mayer-Daughters.084,1,2,0.4948593062,0.5076195404
Burton_Cummings-Fine_State_Of_Affairs.080,1,2,0.4949522936,0.5071711432
Red_Hot_Chilli_Peppers-Under_the_Bridge.154,1,2,0.4955616744,0.5070139119
The_Piano_Guys-Rolling_In_the_Deep.104,1,2,0.4950208979,0.5068773916
Ron_Allen-Be.082,1,2,0.4952482478,0.5068007497
Billy_Joel-Just_The_Way_You_Are.70,1,2,0.4954310655,0.5067145739
Norah_Jones-Come_Away_with_Me.066,1,2,0.4969732305,0.5056167161
Barbara_Streisand-Memory.166,1,2,0.4972172699,0.505265344
Celine_Dion-The_Power_Of_Love.078,1,2,0.496827905,0.5050149265
Maryaan-Netru_Aval_Irunthal_tamil.108,1,2,0.4974200708,0.5049948721
Cranberries-Linger.056,1,2,0.4971600071,0.5049886462
John_Denver-Rocky_mountain_high.136,1,2,0.4975187952,0.504870486
Foreigner-I_Want_To_Know_What_Love_Is.082,1,2,0.4973361968,0.5047255741
Metallica-One.164,1,2,0.4977549318,0.5046399581
Bee_Gees-Emotions.002,1,2,0.497647171,0.5045460423
Eric_Clapton-Let_It_Grow.166,1,2,0.4976389602,0.5044866494
John_Denver-Leaving_on_a_Jetplane.092,1,2,0.498090704,0.5042704273
Rhiana-Diamonds.168,1,2,0.4980981993,0.5041006106
Foreigner-I_Want_To_Know_What_Love_Is.128,1,2,0.4990880561,0.5036199174
Led_Zeppelin-Tangerine.102,1,2,0.499022458,0.5034714598
Anthrax-Armed_And_Dangerous.048,1,2,0.4990129498,0.5031596302
John_Mayer-Gravity.152,1,2,0.4993798737,0.5030338001
Jimi_Hendrix-The_Wind_Cries_Mary.000,1,2,0.4992285521,0.5028896573
Pink_Floyd-Us_And_Them.188,1,2,0.4993530781,0.5028663594
Creed-With_Arms_Wide_Open.064,1,2,0.4994094983,0.5028373616
Deva_Premal-Homage_To_Krishna.192,1,2,0.4996847266,0.5025608806
Eric_Clapton-Wonderful_Tonight.010,1,2,0.4998287284,0.5024662765
John_Mayer-Daughters.058,1,2,0.4999094254,0.5023847208
Extreme-More_Than_Words.034,1,2,0.5000876125,0.5020937521
Deva_Premal-Rasa_Govindam.058,1,2,0.5004779168,0.5019344461
Bee_Gees-Too_Much_Heaven.152,1,2,0.5004218984,0.501863577
Bob_Seger-Like_a_Rock.064,1,2,0.5004933217,0.5017707964
Divinity-Second_Awakening.004,1,2,0.5008346542,0.5014422231
Burton_Cummings-Fine_State_Of_Affairs.126,1,2,0.5012574835,0.5013187285
